"STATION","DATE","LATITUDE","LONGITUDE","ELEVATION","NAME","TEMP","TEMP_ATTRIBUTES","DEWP","DEWP_ATTRIBUTES","SLP","SLP_ATTRIBUTES","STP","STP_ATTRIBUTES","VISIB","VISIB_ATTRIBUTES","WDSP","WDSP_ATTRIBUTES","MXSPD","GUST","MAX","MAX_ATTRIBUTES","MIN","MIN_ATTRIBUTES","PRCP","PRCP_ATTRIBUTES","SNDP","FRSHTT"
"72539014836","2019-01-01","42.7761","-84.5997","261.8","LANSING CAPITAL CITY AIRPORT, MI US","  32.0","24","  30.4","24","1017.6","19","982.9","24","  7.5","24","  7.4","24"," 13.0"," 20.0","  39.0"," ","  27.0"," "," 0.80","G","999.9","011000"
"72539014836","2019-01-02","42.7761","-84.5997","261.8","LANSING CAPITAL CITY AIRPORT, MI US","  27.1","24","  26.5","24","1024.6","14","990.5","24","  3.3","24","  5.2","24","  9.9","999.9","  34.0"," ","  24.1"," "," 0.02","G","999.9","001000"
"72539014836","2019-01-03","42.7761","-84.5997","261.8","LANSING CAPITAL CITY AIRPORT, MI US","  31.1","24","  25.3","24","1015.6","21","983.0","24","  9.2","24"," 12.2","24"," 17.1"," 22.0","  37.9"," ","  24.1"," "," 0.05","G","999.9","001000"
"72539014836","2019-01-04","42.7761","-84.5997","261.8","LANSING CAPITAL CITY AIRPORT, MI US","  36.6","24","  28.3","24","1009.8","24","977.6","24"," 10.0","24","  9.5","24"," 15.0"," 21.0","  50.0"," ","  28.9"," "," 0.00","G","999.9","000000"
"72539014836","2019-01-05","42.7761","-84.5997","261.8","LANSING CAPITAL CITY AIRPORT, MI US","  34.8","24","  30.0","24","1007.6","24","975.3","24","  7.2","24","  4.5","24"," 14.0","999.9","  50.0"," ","  24.1"," "," 0.00","G","999.9","000000"
"72539014836","2019-01-06","42.7761","-84.5997","261.8","LANSING CAPITAL CITY AIRPORT, MI US","  36.2","24","  29.1","24","1021.2","24","988.3","24"," 10.0","24","  6.1","24"," 12.0","999.9","  50.0"," ","  24.1"," "," 0.00","G","999.9","000000"
"72539014836","2019-01-07","42.7761","-84.5997","261.8","LANSING CAPITAL CITY AIRPORT, MI US","  34.3","24","  27.4","24","1020.0","21","985.3","24","  8.9","24"," 15.5","24"," 22.9"," 31.1","  48.9"," ","  28.0"," "," 0.01","G","999.9","011000"
"72539014836","2019-01-08","42.7761","-84.5997","261.8","LANSING CAPITAL CITY AIRPORT, MI US","  43.0","24","  38.9","24","1006.5","17","974.3","24","  8.2","24"," 11.9","24"," 26.0"," 35.0","  51.1"," ","  30.9"," "," 0.20","G","999.9","010000"
"72539014836","2019-01-09","42.7761","-84.5997","261.8","LANSING CAPITAL CITY AIRPORT, MI US","  26.8","24","  19.0","24","1016.6","17","983.1","24","  8.9","24"," 14.0","24"," 18.1"," 28.9","  44.1"," ","  21.0"," "," 0.01","G","999.9","101000"
"72539014836","2019-01-10","42.7761","-84.5997","261.8","LANSING CAPITAL CITY AIRPORT, MI US","  22.4","24","  14.4","24","1025.5","21","992.5","24","  9.6","24"," 11.2","24"," 15.9"," 26.0","  30.9"," ","  19.0"," "," 0.01","G","999.9","001000"
"72539014836","2019-01-11","42.7761","-84.5997","261.8","LANSING CAPITAL CITY AIRPORT, MI US","  21.5","24","  14.1","24","1029.9","24","996.6","24"," 10.0","24","  3.0","24","  7.0","999.9","  27.0"," ","  16.0"," "," 0.00","G","999.9","000000"
"72539014836","2019-01-12","42.7761","-84.5997","261.8","LANSING CAPITAL CITY AIRPORT, MI US","  27.7","24","  19.3","24","1030.6","24","997.4","24"," 10.0","24","  6.4","24"," 11.1","999.9","  30.2","*","  26.1","*"," 0.00","G","999.9","000000"
"72539014836","2019-01-13","42.7761","-84.5997","261.8","LANSING CAPITAL CITY AIRPORT, MI US","  24.4","24","  16.1","24","1030.5","24","997.2","24"," 10.0","24","  9.5","24"," 15.0"," 21.0","  30.9"," ","  19.0"," "," 0.00","G","999.9","000000"
"72539014836","2019-01-14","42.7761","-84.5997","261.8","LANSING CAPITAL CITY AIRPORT, MI US","  21.1","24","  15.9","24","1028.0","24","994.9","24"," 10.0","24","  3.3","24","  8.9","999.9","  34.0"," ","  12.0"," "," 0.00","G","999.9","000000"
"72539014836","2019-01-15","42.7761","-84.5997","261.8","LANSING CAPITAL CITY AIRPORT, MI US","  27.2","24","  24.7","24","1022.1","18","989.3","24","  4.8","24","  9.8","24"," 15.0"," 22.0","  34.0"," ","  12.0"," "," 0.00","G","999.9","000000"
"72539014836","2019-01-16","42.7761","-84.5997","261.8","LANSING CAPITAL CITY AIRPORT, MI US","  27.5","24","  22.7","24","1019.8","22","987.4","24","  8.8","24"," 10.1","24"," 17.1"," 22.0","  32.0"," ","  18.0"," "," 0.01","G","999.9","011000"
"72539014836","2019-01-17","42.7761","-84.5997","261.8","LANSING CAPITAL CITY AIRPORT, MI US","  22.7","24","  17.4","24","1024.9","18","990.6","24","  9.1","24","  5.2","24"," 11.1"," 15.0","  32.0"," ","  15.1"," "," 0.01","A","999.9","001000"
"72539014836","2019-01-18","42.7761","-84.5997","261.8","LANSING CAPITAL CITY AIRPORT, MI US","  27.9","24","  24.0","24","1020.1","17","986.6","24","  5.8","24","  5.0","24"," 11.1","999.9","  30.9"," ","  16.0"," "," 0.01","A","999.9","001000"
"72539014836","2019-01-19","42.7761","-84.5997","261.8","LANSING CAPITAL CITY AIRPORT, MI US","  19.6","24","  15.2","24","1021.1","13","988.8","24","  3.8","24"," 10.0","24"," 17.1"," 25.1","  30.0"," ","  15.1"," "," 0.17","G","999.9","101000"
"72539014836","2019-01-20","42.7761","-84.5997","261.8","LANSING CAPITAL CITY AIRPORT, MI US","   5.4","24","  -2.7","24","1022.1","24","988.0","24","  9.6","24"," 10.3","24"," 15.0"," 22.9","  21.9"," ","  -2.0"," "," 0.13","G","  2.0","001000"
"72539014836","2019-01-21","42.7761","-84.5997","261.8","LANSING CAPITAL CITY AIRPORT, MI US","  -1.4","24"," -11.9","24","1034.4","24","999.9","24","  9.9","24","  3.6","24","  8.0","999.9","  12.9"," "," -14.1"," "," 0.00","G","999.9","000000"
"72539014836","2019-01-22","42.7761","-84.5997","261.8","LANSING CAPITAL CITY AIRPORT, MI US","  11.9","24","   0.2","24","1030.4","23","996.1","24","  9.1","24"," 10.7","24"," 22.0"," 29.9","  24.8","*","   1.9","*"," 0.00","G","  3.9","011000"
"72539014836","2019-01-23","42.7761","-84.5997","261.8","LANSING CAPITAL CITY AIRPORT, MI US","  33.7","24","  32.8","24","1007.5","12","977.1","24","  4.5","24","  9.0","24"," 19.0"," 25.1","  41.0","*","  24.1","*"," 0.28","G","  3.1","011000"
"72539014836","2019-01-24","42.7761","-84.5997","261.8","LANSING CAPITAL CITY AIRPORT, MI US","  26.9","24","  20.8","24","1007.9","23","975.5","24","  8.8","24"," 10.4","24"," 17.1"," 22.9","  41.0"," ","  21.9"," "," 0.19","G","999.9","001000"
"72539014836","2019-01-25","42.7761","-84.5997","261.8","LANSING CAPITAL CITY AIRPORT, MI US","  15.2","24","   9.5","24","1016.2"," 9","982.8","24","  4.3","24"," 14.4","24"," 20.0"," 26.0","  28.0"," ","   7.0"," "," 0.00","G","  2.0","001000"
"72539014836","2019-01-26","42.7761","-84.5997","261.8","LANSING CAPITAL CITY AIRPORT, MI US","   6.6","24","   0.8","24","1021.5","22","988.0","24","  8.7","24","  5.0","24"," 12.0","999.9","  19.9"," ","  -2.9"," "," 0.01","G","999.9","001000"
"72539014836","2019-01-27","42.7761","-84.5997","261.8","LANSING CAPITAL CITY AIRPORT, MI US","  12.5","24","   5.3","24","1016.4","21","982.5","24","  7.0","24","  9.2","24"," 15.0"," 22.9","  15.8","*","   8.1","*"," 0.03","G","999.9","001000"
"72539014836","2019-01-28","42.7761","-84.5997","261.8","LANSING CAPITAL CITY AIRPORT, MI US","   9.5","24","   5.4","24","1015.2","17","979.1","24","  4.9","24","  7.4","24"," 18.1"," 25.1","  19.9"," ","  -2.9"," "," 0.01","G","999.9","101000"
"72539014836","2019-01-29","42.7761","-84.5997","261.8","LANSING CAPITAL CITY AIRPORT, MI US","  13.0","24","   9.2","24","1006.6","11","974.1","24","  3.8","24"," 12.9","24"," 25.1"," 32.1","  19.9"," ","  -0.9"," "," 0.53","G","999.9","101000"
"72539014836","2019-01-30","42.7761","-84.5997","261.8","LANSING CAPITAL CITY AIRPORT, MI US","  -1.7","24","  -7.1","24","1016.8"," 8","981.2","24","  2.0","24"," 14.9","24"," 22.9"," 33.0","  15.1"," "," -11.9"," "," 0.25","G","999.9","101000"
"72539014836","2019-01-31","42.7761","-84.5997","261.8","LANSING CAPITAL CITY AIRPORT, MI US","  -8.5","24"," -15.0","24","1027.0","24","992.4","24","  9.7","24"," 11.2","24"," 18.1"," 20.0","   3.9"," "," -14.1"," "," 0.10","G","999.9","000000"
"72539014836","2019-02-01","42.7761","-84.5997","261.8","LANSING CAPITAL CITY AIRPORT, MI US","   2.3","24","  -7.0","24","1029.4","21","995.0","24"," 10.0","24","  4.5","24"," 11.1","999.9","  15.1"," "," -14.1"," "," 0.00","G","999.9","000000"
"72539014836","2019-02-02","42.7761","-84.5997","261.8","LANSING CAPITAL CITY AIRPORT, MI US","  22.1","24","  17.1","24","1022.0","23","988.5","24","  7.6","24","  9.4","24"," 15.9"," 22.0","  41.0"," ","  -7.1"," "," 0.00","G","999.9","000000"
"72539014836","2019-02-03","42.7761","-84.5997","261.8","LANSING CAPITAL CITY AIRPORT, MI US","  42.0","24","  39.5","24","1012.8","19","980.9","24","  5.1","24"," 10.6","24"," 14.0"," 19.0","  48.0","*","  37.4","*"," 0.00","G","999.9","010000"
"72539014836","2019-02-04","42.7761","-84.5997","261.8","LANSING CAPITAL CITY AIRPORT, MI US","  48.2","24","  45.7","24","1009.4","21","977.5","24","  6.4","24","  9.5","24"," 14.0"," 18.1","  51.1"," ","  37.9"," "," 0.00","G","999.9","010000"
"72539014836","2019-02-05","42.7761","-84.5997","261.8","LANSING CAPITAL CITY AIRPORT, MI US","  35.5","24","  32.4","24","1017.5","17","983.9","24","  8.1","24","  9.8","24"," 15.9"," 25.1","  51.1"," ","  28.9"," "," 0.18","G","999.9","010000"
"72539014836","2019-02-06","42.7761","-84.5997","261.8","LANSING CAPITAL CITY AIRPORT, MI US","  30.8","24","  29.1","24","1017.6","11","983.4","24","  5.1","24","  6.9","24"," 13.0"," 17.1","  39.0"," ","  28.9"," "," 0.62","G","999.9","111000"
"72539014836","2019-02-07","42.7761","-84.5997","261.8","LANSING CAPITAL CITY AIRPORT, MI US","  33.0","24","  32.7","24","1014.3","11","980.0","24","  2.6","24","  7.3","24"," 19.0"," 25.1","  46.9"," ","  28.9"," "," 0.05","G","999.9","111000"
"72539014836","2019-02-08","42.7761","-84.5997","261.8","LANSING CAPITAL CITY AIRPORT, MI US","  21.2","24","  16.0","24","1009.8"," 8","984.3","24","  3.5","24"," 21.2","24"," 35.0"," 44.1","  50.0","*","  12.2","*"," 0.16","G","999.9","111000"
"72539014836","2019-02-09","42.7761","-84.5997","261.8","LANSING CAPITAL CITY AIRPORT, MI US","  13.1","24","   4.5","24","1043.2","23","008.3","24","  9.4","24","  7.0","24"," 15.0"," 22.0","  28.0"," ","   3.9"," "," 0.02","G","999.9","001000"
"72539014836","2019-02-10","42.7761","-84.5997","261.8","LANSING CAPITAL CITY AIRPORT, MI US","  20.0","24","  12.9","24","1036.3","24","002.6","24","  9.4","24","  4.9","24"," 11.1","999.9","  26.1"," ","   3.9"," "," 0.00","G","  1.2","101000"
"72539014836","2019-02-11","42.7761","-84.5997","261.8","LANSING CAPITAL CITY AIRPORT, MI US","  23.9","24","  20.8","24","1025.1","18","991.8","24","  7.1","24","  7.9","24"," 13.0","999.9","  28.9"," ","  15.1"," "," 0.08","G","  1.2","001000"
"72539014836","2019-02-12","42.7761","-84.5997","261.8","LANSING CAPITAL CITY AIRPORT, MI US","  28.3","24","  26.2","24","1014.6","12","977.6","24","  3.6","24"," 10.2","24"," 15.9"," 22.9","  34.0"," ","  21.9"," "," 0.33","G","  2.0","111000"
"72539014836","2019-02-13","42.7761","-84.5997","261.8","LANSING CAPITAL CITY AIRPORT, MI US","  25.7","24","  21.2","24","1005.3"," 6","971.5","24","  3.9","24"," 18.6","24"," 29.9"," 36.9","  33.1","*","  21.2","*"," 0.26","G","  3.9","001000"
"72539014836","2019-02-14","42.7761","-84.5997","261.8","LANSING CAPITAL CITY AIRPORT, MI US","  28.3","24","  22.3","24","1009.2","23","977.4","24","  9.1","24","  9.1","24"," 17.1","999.9","  42.1"," ","  18.0"," "," 0.01","G","  7.9","010000"
"72539014836","2019-02-15","42.7761","-84.5997","261.8","LANSING CAPITAL CITY AIRPORT, MI US","  28.9","24","  22.9","24","1004.8","22","971.8","24","  7.7","24"," 16.4","24"," 26.0"," 32.1","  42.1"," ","  19.0"," "," 0.00","G","  5.1","001000"
"72539014836","2019-02-16","42.7761","-84.5997","261.8","LANSING CAPITAL CITY AIRPORT, MI US","  21.6","24","  15.1","24","1018.9","23","985.7","24","  9.9","24","  6.4","24"," 12.0","999.9","  39.9"," ","  17.1"," "," 0.00","G","  5.1","001000"
"72539014836","2019-02-17","42.7761","-84.5997","261.8","LANSING CAPITAL CITY AIRPORT, MI US","  20.6","24","  15.6","24","1018.2","19","984.6","24","  8.3","24","  7.8","24"," 14.0","999.9","  27.0"," ","  12.9"," "," 0.00","G","  5.1","101000"
"72539014836","2019-02-18","42.7761","-84.5997","261.8","LANSING CAPITAL CITY AIRPORT, MI US","  20.6","24","  14.7","24","1021.9","19","987.4","24","  5.3","24","  7.3","24"," 12.0","999.9","  25.0"," ","  12.9"," "," 0.15","G","  5.1","001000"
"72539014836","2019-02-19","42.7761","-84.5997","261.8","LANSING CAPITAL CITY AIRPORT, MI US","  14.3","24","   6.7","24","1036.8","24","003.0","24","  9.7","24","  1.5","24","  6.0","999.9","  28.9"," ","   0.0"," "," 0.01","G","  7.1","000000"
"72539014836","2019-02-20","42.7761","-84.5997","261.8","LANSING CAPITAL CITY AIRPORT, MI US","  24.5","24","  17.7","24","1025.5","21","990.5","24","  8.9","24","  9.0","24"," 20.0"," 26.0","  33.1","*","  17.1","*"," 0.00","G","  3.9","010000"
"72539014836","2019-02-21","42.7761","-84.5997","261.8","LANSING CAPITAL CITY AIRPORT, MI US","  33.7","24","  25.5","24","1016.2","20","982.5","24","  8.8","24"," 15.5","24"," 22.9"," 33.0","  37.0"," ","  17.1"," "," 0.03","G","  3.9","010000"
"72539014836","2019-02-22","42.7761","-84.5997","261.8","LANSING CAPITAL CITY AIRPORT, MI US","  26.3","24","  19.1","24","1029.7","24","996.5","24","  7.0","24","  3.0","24","  9.9","999.9","  37.9"," ","  14.0"," "," 0.00","G","  3.1","000000"
"72539014836","2019-02-23","42.7761","-84.5997","261.8","LANSING CAPITAL CITY AIRPORT, MI US","  32.1","24","  23.8","24","1024.5","22","990.8","24","  8.2","24","  7.2","24"," 13.0","999.9","  39.9"," ","  14.0"," "," 0.00","G","  1.2","010000"
"72539014836","2019-02-24","42.7761","-84.5997","261.8","LANSING CAPITAL CITY AIRPORT, MI US","  37.1","24","  34.5","24"," 995.6","12","964.4","24","  4.8","24"," 18.1","24"," 32.1"," 47.0","  46.9"," ","  25.0"," "," 0.28","G","  1.2","111000"
"72539014836","2019-02-25","42.7761","-84.5997","261.8","LANSING CAPITAL CITY AIRPORT, MI US","  18.6","24","  12.3","24","1020.3","14","986.0","24","  4.0","24"," 19.3","24"," 28.9"," 39.0","  26.1","*","  12.2","*"," 0.10","G","  1.2","101000"
"72539014836","2019-02-26","42.7761","-84.5997","261.8","LANSING CAPITAL CITY AIRPORT, MI US","  15.4","24","   7.8","24","1033.7","21","999.9","24","  8.8","24","  5.0","24","  8.9","999.9","  21.9"," ","  12.0"," "," 0.04","G","  3.1","001000"
"72539014836","2019-02-27","42.7761","-84.5997","261.8","LANSING CAPITAL CITY AIRPORT, MI US","  17.7","24","  14.0","24","1024.8","17","991.9","24","  5.2","24","  6.2","24","  9.9","999.9","  21.9"," ","  12.0"," "," 0.26","G","  2.0","001000"
"72539014836","2019-02-28","42.7761","-84.5997","261.8","LANSING CAPITAL CITY AIRPORT, MI US","  20.9","24","  15.3","24","1023.5","21","990.5","24","  7.1","24","  2.4","24","  8.0","999.9","  28.9"," ","  12.0"," "," 0.01","G","  3.9","001000"
"72539014836","2019-03-01","42.7761","-84.5997","261.8","LANSING CAPITAL CITY AIRPORT, MI US","  22.4","24","  14.6","24","1023.4","24","990.2","24","  8.4","24","  0.8","24","  6.0","999.9","  35.1"," ","   9.0"," "," 0.00","G","  3.9","000000"
"72539014836","2019-03-02","42.7761","-84.5997","261.8","LANSING CAPITAL CITY AIRPORT, MI US","  29.2","24","  22.0","24","1021.7","20","988.6","24","  7.8","24","  4.5","24"," 11.1","999.9","  30.9","*","  27.0","*"," 0.01","G","  3.1","001000"
"72539014836","2019-03-03","42.7761","-84.5997","261.8","LANSING CAPITAL CITY AIRPORT, MI US","  20.5","24","  13.1","24","1022.3","22","989.4","24"," 10.0","24","  3.8","24"," 11.1","999.9","  30.9"," ","  12.9"," "," 0.01","G","  2.0","000000"
"72539014836","2019-03-04","42.7761","-84.5997","261.8","LANSING CAPITAL CITY AIRPORT, MI US","  10.9","24","   2.5","24","1020.0","15","986.5","24","  7.5","24","  9.8","24"," 20.0"," 25.1","  25.0"," ","   7.0"," "," 0.00","G","  2.0","001000"
"72539014836","2019-03-05","42.7761","-84.5997","261.8","LANSING CAPITAL CITY AIRPORT, MI US","  11.3","24","   4.2","24","1017.7","17","983.8","24","  7.2","24"," 12.2","24"," 22.0"," 29.9","  18.0"," ","   7.0"," "," 0.01","G","  1.2","001000"
"72539014836","2019-03-06","42.7761","-84.5997","261.8","LANSING CAPITAL CITY AIRPORT, MI US","  12.9","24","   6.5","24","1024.2","19","990.3","24","  8.0","24","  8.6","24"," 17.1"," 22.9","  21.0"," ","   3.9"," "," 0.03","G","  1.2","001000"
"72539014836","2019-03-07","42.7761","-84.5997","261.8","LANSING CAPITAL CITY AIRPORT, MI US","  19.8","24","  10.7","24","1026.7","22","993.0","24","  9.2","24","  5.7","24","  9.9","999.9","  25.0"," ","   3.9"," "," 0.00","G","  2.0","001000"
"72539014836","2019-03-08","42.7761","-84.5997","261.8","LANSING CAPITAL CITY AIRPORT, MI US","  21.7","24","  11.1","24","1025.4","24","991.9","24","  9.6","24","  1.3","24","  5.1","999.9","  39.0"," ","   8.1"," "," 0.00","G","  2.0","000000"
"72539014836","2019-03-09","42.7761","-84.5997","261.8","LANSING CAPITAL CITY AIRPORT, MI US","  29.0","24","  18.2","24","1020.0","24","987.2","24","  8.5","24","  7.7","24"," 17.1"," 25.1","  39.0"," ","   8.1"," "," 0.00","G","  2.0","010000"
"72539014836","2019-03-10","42.7761","-84.5997","261.8","LANSING CAPITAL CITY AIRPORT, MI US","  36.6","24","  32.5","24","1003.8","24","971.0","24","  7.4","24"," 19.4","24"," 28.0"," 35.9","  44.1"," ","  19.0"," "," 0.41","G","  1.2","010000"
"72539014836","2019-03-11","42.7761","-84.5997","261.8","LANSING CAPITAL CITY AIRPORT, MI US","  31.8","24","  22.2","24","1022.7","24","989.7","24"," 10.0","24"," 15.9","24"," 26.0"," 34.0","  44.1"," ","  27.0"," "," 0.04","G","  1.2","000000"
"72539014836","2019-03-12","42.7761","-84.5997","261.8","LANSING CAPITAL CITY AIRPORT, MI US","  30.5","24","  19.5","24","1028.1","24","995.0","24","  9.8","24","  5.9","24"," 13.0","999.9","  46.0"," ","  19.9"," "," 0.00","G","999.9","000000"
"72539014836","2019-03-13","42.7761","-84.5997","261.8","LANSING CAPITAL CITY AIRPORT, MI US","  40.5","24","  32.3","24","1018.5","21","986.0","24","  8.7","24","  8.3","24"," 13.0","999.9","  53.1","*","  36.0","*"," 0.01","G","999.9","010000"
"72539014836","2019-03-14","42.7761","-84.5997","261.8","LANSING CAPITAL CITY AIRPORT, MI US","  52.1","24","  46.5","24","1005.9","21","973.5","24","  9.3","24"," 13.8","24"," 21.0"," 35.9","  62.1"," ","  36.0"," "," 0.15","G","999.9","010010"
"72539014836","2019-03-15","42.7761","-84.5997","261.8","LANSING CAPITAL CITY AIRPORT, MI US","  40.8","24","  36.8","24","1002.9","16","972.2","24","  9.0","24"," 16.3","24"," 22.9"," 28.9","  62.1"," ","  33.1"," "," 0.40","G","999.9","011000"
"72539014836","2019-03-16","42.7761","-84.5997","261.8","LANSING CAPITAL CITY AIRPORT, MI US","  32.0","24","  23.6","24","1022.4","21","988.7","24","  9.7","24"," 11.6","24"," 18.1"," 25.1","  42.1"," ","  27.0"," "," 0.04","G","999.9","001000"
"72539014836","2019-03-17","42.7761","-84.5997","261.8","LANSING CAPITAL CITY AIRPORT, MI US","  27.4","24","  19.1","24","1025.9","24","992.8","24","  9.7","24","  4.1","24"," 11.1","999.9","  37.9"," ","  17.1"," "," 0.00","G","999.9","001000"
"72539014836","2019-03-18","42.7761","-84.5997","261.8","LANSING CAPITAL CITY AIRPORT, MI US","  31.7","24","  22.6","24","1026.6","24","993.7","24","  9.0","24","  4.3","24"," 12.0","999.9","  42.1"," ","  17.1"," "," 0.00","G","999.9","000000"
"72539014836","2019-03-19","42.7761","-84.5997","261.8","LANSING CAPITAL CITY AIRPORT, MI US","  34.7","24","  23.2","24","1028.9","24","996.0","24","  9.2","24","  4.8","24"," 14.0"," 15.9","  48.9"," ","  21.9"," "," 0.00","G","999.9","000000"
"72539014836","2019-03-20","42.7761","-84.5997","261.8","LANSING CAPITAL CITY AIRPORT, MI US","  35.6","24","  27.1","24","1023.2","18","989.2","24","  7.7","23","  7.3","24"," 14.0"," 19.0","  48.9"," ","  23.0"," "," 0.00","G","999.9","010000"
"72539014836","2019-03-21","42.7761","-84.5997","261.8","LANSING CAPITAL CITY AIRPORT, MI US","  36.5","24","  34.9","24","1013.7","11","981.5","24","  4.0","24","  3.8","23","  9.9","999.9","  44.1"," ","  30.9"," "," 0.47","G","999.9","110000"
"72539014836","2019-03-22","42.7761","-84.5997","261.8","LANSING CAPITAL CITY AIRPORT, MI US","  36.7","24","  28.3","24","1014.0","19","981.2","24","  9.5","24"," 11.5","24"," 19.0"," 28.0","  43.0"," ","  33.1"," "," 0.00","G","999.9","000000"
"72539014836","2019-03-23","42.7761","-84.5997","261.8","LANSING CAPITAL CITY AIRPORT, MI US","  31.9","24","  19.6","24","1024.9","24","992.1","24"," 10.0","24","  6.0","24"," 11.1"," 17.1","  46.9"," ","  19.9"," "," 0.00","G","999.9","000000"
"72539014836","2019-03-24","42.7761","-84.5997","261.8","LANSING CAPITAL CITY AIRPORT, MI US","  41.8","24","  25.8","24","1021.6","24","989.2","24"," 10.0","24","  6.0","24"," 11.1","999.9","  57.9"," ","  19.9"," "," 0.00","G","999.9","000000"
"72539014836","2019-03-25","42.7761","-84.5997","261.8","LANSING CAPITAL CITY AIRPORT, MI US","  36.1","24","  22.8","24","1023.8","24","991.3","24"," 10.0","24","  9.4","24"," 14.0","999.9","  57.9"," ","  28.0"," "," 0.00","G","999.9","000000"
"72539014836","2019-03-26","42.7761","-84.5997","261.8","LANSING CAPITAL CITY AIRPORT, MI US","  33.2","24","  11.4","24","1030.3","24","997.4","24"," 10.0","24","  4.2","24","  8.9","999.9","  46.0"," ","  21.9"," "," 0.00","G","999.9","000000"
"72539014836","2019-03-27","42.7761","-84.5997","261.8","LANSING CAPITAL CITY AIRPORT, MI US","  39.0","24","  17.4","24","1028.4","24","995.7","24"," 10.0","24","  7.5","24"," 14.0"," 19.0","  54.0"," ","  21.9"," "," 0.00","G","999.9","000000"
"72539014836","2019-03-28","42.7761","-84.5997","261.8","LANSING CAPITAL CITY AIRPORT, MI US","  52.9","24","  35.2","24","1017.3","24","985.4","24"," 10.0","24"," 12.0","24"," 15.9"," 22.0","  66.9","*","  45.0","*"," 0.00","G","999.9","000000"
"72539014836","2019-03-29","42.7761","-84.5997","261.8","LANSING CAPITAL CITY AIRPORT, MI US","  46.4","24","  34.5","24","1018.5","24","986.5","24","  9.9","24","  6.2","24","  9.9"," 15.0","  66.9"," ","  36.0"," "," 0.00","G","999.9","000000"
"72539014836","2019-03-30","42.7761","-84.5997","261.8","LANSING CAPITAL CITY AIRPORT, MI US","  39.8","24","  35.5","24","1011.4","20","979.3","24","  8.4","24","  7.8","24"," 11.1"," 15.9","  55.0"," ","  35.1"," "," 0.33","G","999.9","010000"
"72539014836","2019-03-31","42.7761","-84.5997","261.8","LANSING CAPITAL CITY AIRPORT, MI US","  28.0","24","  17.8","24","1019.6","24","986.6","24"," 10.0","24"," 13.0","24"," 18.1"," 27.0","  41.0"," ","  21.0"," "," 0.09","G","999.9","000000"
"72539014836","2019-04-01","42.7761","-84.5997","261.8","LANSING CAPITAL CITY AIRPORT, MI US","  31.1","24","  15.8","24","1026.7","24","993.7","24"," 10.0","24","  8.0","24"," 14.0"," 22.0","  45.0"," ","  19.9"," "," 0.00","G","999.9","000000"
"72539014836","2019-04-02","42.7761","-84.5997","261.8","LANSING CAPITAL CITY AIRPORT, MI US","  43.3","24","  27.8","24","1017.9","24","985.6","24"," 10.0","24"," 12.0","24"," 20.0"," 27.0","  57.0","*","  36.0","*"," 0.00","G","999.9","000000"
"72539014836","2019-04-03","42.7761","-84.5997","261.8","LANSING CAPITAL CITY AIRPORT, MI US","  43.2","24","  26.4","24","1019.3","24","987.2","24","  9.9","24"," 14.6","24"," 20.0"," 36.9","  57.9"," ","  36.0"," "," 0.00","G","999.9","000000"
"72539014836","2019-04-04","42.7761","-84.5997","261.8","LANSING CAPITAL CITY AIRPORT, MI US","  39.6","24","  25.5","24","1029.3","24","996.7","24"," 10.0","24","  6.5","24"," 14.0"," 20.0","  51.1"," ","  33.1"," "," 0.00","G","999.9","010000"
"72539014836","2019-04-05","42.7761","-84.5997","261.8","LANSING CAPITAL CITY AIRPORT, MI US","  39.3","24","  32.7","24","1023.0","24","990.6","24","  9.3","24","  4.8","24"," 14.0","999.9","  52.0"," ","  33.1"," "," 0.09","G","999.9","010000"
"72539014836","2019-04-06","42.7761","-84.5997","261.8","LANSING CAPITAL CITY AIRPORT, MI US","  48.9","24","  41.8","24","1021.2","19","989.3","24","  6.6","24","  1.5","24","  7.0"," 15.0","  66.0"," ","  33.1"," "," 0.08","G","999.9","100000"
"72539014836","2019-04-07","42.7761","-84.5997","261.8","LANSING CAPITAL CITY AIRPORT, MI US","  57.3","24","  45.9","24","1016.6","24","984.9","24","  9.7","24","  7.4","24"," 14.0"," 20.0","  72.0"," ","  34.0"," "," 0.00","G","999.9","010000"
"72539014836","2019-04-08","42.7761","-84.5997","261.8","LANSING CAPITAL CITY AIRPORT, MI US","  60.6","24","  49.8","24","1008.9","19","977.4","24","  9.5","24"," 12.0","24"," 22.0"," 28.9","  72.0"," ","  46.9"," "," 0.09","G","999.9","010000"
"72539014836","2019-04-09","42.7761","-84.5997","261.8","LANSING CAPITAL CITY AIRPORT, MI US","  54.4","24","  36.4","24","1007.6","24","976.3","24"," 10.0","24"," 12.8","24"," 22.0"," 28.9","  69.1"," ","  42.1"," "," 0.00","G","999.9","000000"
"72539014836","2019-04-10","42.7761","-84.5997","261.8","LANSING CAPITAL CITY AIRPORT, MI US","  41.3","24","  31.0","24","1016.0","20","983.7","24"," 10.0","24","  9.0","24"," 15.9"," 19.0","  62.1"," ","  34.0"," "," 0.00","G","999.9","000000"
"72539014836","2019-04-11","42.7761","-84.5997","261.8","LANSING CAPITAL CITY AIRPORT, MI US","  37.3","24","  29.7","24","1015.6","18","984.7","24","  8.2","24"," 14.3","24"," 22.9"," 28.9","  48.9"," ","  30.0"," "," 0.17","G","999.9","101000"
"72539014836","2019-04-12","42.7761","-84.5997","261.8","LANSING CAPITAL CITY AIRPORT, MI US","  48.2","24","  37.2","24","1006.8","22","974.8","24","  8.9","24"," 13.4","24"," 26.0"," 34.0","  59.0"," ","  30.0"," "," 0.17","G","  1.2","010000"
"72539014836","2019-04-13","42.7761","-84.5997","261.8","LANSING CAPITAL CITY AIRPORT, MI US","  43.9","24","  26.1","24","1016.0","24","984.0","24"," 10.0","24"," 13.6","24"," 22.9"," 28.0","  59.0"," ","  36.0"," "," 0.07","G","999.9","000000"
"72539014836","2019-04-14","42.7761","-84.5997","261.8","LANSING CAPITAL CITY AIRPORT, MI US","  35.5","24","  29.3","24","1014.0","18","979.5","24","  6.8","24","  9.0","24"," 19.0"," 27.0","  52.0"," ","  33.1"," "," 0.02","G","999.9","011000"
"72539014836","2019-04-15","42.7761","-84.5997","261.8","LANSING CAPITAL CITY AIRPORT, MI US","  37.9","24","  29.8","24","1012.3","18","977.0","24","  7.7","24"," 11.8","24"," 15.0"," 21.0","  50.0"," ","  30.9"," "," 0.73","G","999.9","001000"
"72539014836","2019-04-16","42.7761","-84.5997","261.8","LANSING CAPITAL CITY AIRPORT, MI US","  45.7","24","  35.7","24","1016.7","24","984.6","24","  9.5","24","  5.2","24"," 11.1","999.9","  64.0"," ","  32.0"," "," 0.05","G","  1.2","010000"
"72539014836","2019-04-17","42.7761","-84.5997","261.8","LANSING CAPITAL CITY AIRPORT, MI US","  49.4","24","  44.6","24","1015.1","19","984.2","24","  6.1","24","  9.4","24"," 15.9"," 22.0","  64.0"," ","  37.9"," "," 0.08","G","999.9","110000"
"72539014836","2019-04-18","42.7761","-84.5997","261.8","LANSING CAPITAL CITY AIRPORT, MI US","  58.2","24","  53.3","24","1003.1","17","971.2","24","  8.6","24"," 13.0","24"," 22.0"," 32.1","  66.0"," ","  42.1"," "," 0.01","G","999.9","010010"
"72539014836","2019-04-19","42.7761","-84.5997","261.8","LANSING CAPITAL CITY AIRPORT, MI US","  41.4","24","  38.3","24","1007.1","20","975.2","24","  9.8","24"," 10.7","24"," 17.1"," 26.0","  48.9","*","  39.0","*"," 0.74","G","999.9","010000"
"72539014836","2019-04-20","42.7761","-84.5997","261.8","LANSING CAPITAL CITY AIRPORT, MI US","  43.1","24","  36.0","24","1008.1","21","976.2","24"," 10.0","24"," 13.7","24"," 19.0"," 28.0","  54.0"," ","  37.9"," "," 0.10","G","999.9","010000"
"72539014836","2019-04-21","42.7761","-84.5997","261.8","LANSING CAPITAL CITY AIRPORT, MI US","  48.3","24","  36.8","24","1014.8","24","982.7","24","  9.5","24","  3.4","24","  8.0","999.9","  71.1"," ","  30.9"," "," 0.01","G","999.9","000000"
"72539014836","2019-04-22","42.7761","-84.5997","261.8","LANSING CAPITAL CITY AIRPORT, MI US","  62.0","24","  43.0","24","1019.7","24","988.1","24"," 10.0","24","  9.5","24"," 15.0"," 22.9","  75.9","*","  51.1","*"," 0.00","G","999.9","000000"
"72539014836","2019-04-23","42.7761","-84.5997","261.8","LANSING CAPITAL CITY AIRPORT, MI US","  58.4","24","  46.2","24","1012.0","20","980.6","24","  9.8","24"," 13.3","24"," 20.0"," 28.9","  75.9"," ","  46.0"," "," 0.03","G","999.9","010000"
"72539014836","2019-04-24","42.7761","-84.5997","261.8","LANSING CAPITAL CITY AIRPORT, MI US","  48.5","24","  32.7","24","1016.5","24","984.5","24"," 10.0","24","  4.4","23","  9.9","999.9","  66.0"," ","  36.0"," "," 0.00","I","999.9","000000"
"72539014836","2019-04-25","42.7761","-84.5997","261.8","LANSING CAPITAL CITY AIRPORT, MI US","  56.4","24","  39.1","24","1010.4","24","978.9","24"," 10.0","24","  4.3","24","  8.0","999.9","  64.9"," ","  36.0"," "," 0.00","G","999.9","000000"
"72539014836","2019-04-26","42.7761","-84.5997","261.8","LANSING CAPITAL CITY AIRPORT, MI US","  56.0","24","  42.9","24","1002.6","24","971.1","24"," 10.0","24"," 10.8","24"," 22.0"," 33.0","  64.9"," ","  51.1"," "," 0.00","G","999.9","000000"
"72539014836","2019-04-27","42.7761","-84.5997","261.8","LANSING CAPITAL CITY AIRPORT, MI US","  43.3","24","  26.8","24","1011.4","24","979.5","24"," 10.0","24","  9.0","24"," 15.9"," 22.0","  62.1"," ","  33.1"," "," 0.02","G","999.9","000000"
"72539014836","2019-04-28","42.7761","-84.5997","261.8","LANSING CAPITAL CITY AIRPORT, MI US","  43.1","24","  27.8","24","1019.2","22","986.1","24","  9.5","24","  5.5","24","  9.9"," 15.0","  55.9"," ","  33.1"," "," 0.16","G","999.9","010000"
"72539014836","2019-04-29","42.7761","-84.5997","261.8","LANSING CAPITAL CITY AIRPORT, MI US","  42.6","24","  30.8","24","1023.1","22","990.5","24","  8.4","24","  9.4","24"," 14.0"," 18.1","  55.9"," ","  34.0"," "," 0.00","G","999.9","010000"
"72539014836","2019-04-30","42.7761","-84.5997","261.8","LANSING CAPITAL CITY AIRPORT, MI US","  42.8","24","  39.9","24","1024.3","18","991.8","24","  7.0","24","  5.4","24"," 11.1"," 15.0","  48.9"," ","  39.9"," "," 0.71","G","999.9","010000"
"72539014836","2019-05-01","42.7761","-84.5997","261.8","LANSING CAPITAL CITY AIRPORT, MI US","  50.7","24","  48.4","24","1017.4","21","985.2","24","  7.3","24"," 11.6","24"," 21.0"," 26.0","  63.0"," ","  39.9"," "," 0.89","G","999.9","010000"
"72539014836","2019-05-02","42.7761","-84.5997","261.8","LANSING CAPITAL CITY AIRPORT, MI US","  49.1","24","  46.2","24","1019.4","13","987.9","24","  7.5","24","  4.6","24","  8.9","999.9","  57.0","*","  42.8","*"," 0.04","G","999.9","110000"
"72539014836","2019-05-03","42.7761","-84.5997","261.8","LANSING CAPITAL CITY AIRPORT, MI US","  46.2","24","  43.9","24","1018.4","17","986.3","24","  6.0","24","  7.7","24"," 11.1","999.9","  50.0","*","  42.8","*"," 0.11","G","999.9","010000"
"72539014836","2019-05-04","42.7761","-84.5997","261.8","LANSING CAPITAL CITY AIRPORT, MI US","  51.4","24","  41.3","24","1016.4","24","984.5","24"," 10.0","24","  4.5","24","  8.9","999.9","  64.0"," ","  43.0"," "," 0.02","G","999.9","000000"
"72539014836","2019-05-05","42.7761","-84.5997","261.8","LANSING CAPITAL CITY AIRPORT, MI US","  57.1","24","  42.3","24","1012.4","24","980.8","24","  9.9","24","  3.0","24"," 12.0"," 17.1","  71.1"," ","  43.0"," "," 0.00","G","999.9","000000"
"72539014836","2019-05-06","42.7761","-84.5997","261.8","LANSING CAPITAL CITY AIRPORT, MI US","  59.3","24","  48.2","24","1014.1","24","982.6","24"," 10.0","24","  4.7","24"," 12.0","999.9","  72.0"," ","  43.0"," "," 0.00","G","999.9","000000"
"72539014836","2019-05-07","42.7761","-84.5997","261.8","LANSING CAPITAL CITY AIRPORT, MI US","  47.8","24","  42.1","24","1023.3","22","990.8","24","  9.2","24","  6.0","24","  9.9","999.9","  72.0"," ","  39.9"," "," 0.23","G","999.9","010000"
"72539014836","2019-05-08","42.7761","-84.5997","261.8","LANSING CAPITAL CITY AIRPORT, MI US","  47.2","24","  34.4","24","1024.4","24","992.1","24"," 10.0","24","  9.9","24"," 17.1"," 24.1","  57.9"," ","  36.0"," "," 0.09","G","999.9","010000"
"72539014836","2019-05-09","42.7761","-84.5997","261.8","LANSING CAPITAL CITY AIRPORT, MI US","  59.7","24","  49.2","24","1009.9","22","978.0","24","  9.5","24"," 11.7","24"," 15.0"," 25.1","  73.0","*","  52.0","*"," 0.03","G","999.9","010000"
"72539014836","2019-05-10","42.7761","-84.5997","261.8","LANSING CAPITAL CITY AIRPORT, MI US","  51.6","24","  42.6","24","1015.3","18","982.6","24","  9.7","24"," 10.7","24"," 15.9"," 20.0","  73.9"," ","  44.1"," "," 0.25","G","999.9","010000"
"72539014836","2019-05-11","42.7761","-84.5997","261.8","LANSING CAPITAL CITY AIRPORT, MI US","  46.0","24","  35.3","24","1021.4","24","989.2","24"," 10.0","24","  5.0","24"," 11.1","999.9","  57.0"," ","  36.0"," "," 0.00","G","999.9","010000"
"72539014836","2019-05-12","42.7761","-84.5997","261.8","LANSING CAPITAL CITY AIRPORT, MI US","  45.9","24","  38.6","24","1013.2","23","981.2","24","  9.8","24","  8.1","24"," 12.0","999.9","  53.6","*","  41.0","*"," 0.02","G","999.9","010000"
"72539014836","2019-05-13","42.7761","-84.5997","261.8","LANSING CAPITAL CITY AIRPORT, MI US","  47.9","24","  41.3","24","1011.3","19","979.0","24","  9.6","24","  7.5","24"," 12.0"," 17.1","  57.0"," ","  39.9"," "," 0.01","G","999.9","010000"
"72539014836","2019-05-14","42.7761","-84.5997","261.8","LANSING CAPITAL CITY AIRPORT, MI US","  51.4","24","  37.7","24","1015.8","24","983.9","24","  9.9","24","  4.0","24","  9.9"," 15.0","  69.1"," ","  36.0"," "," 0.00","G","999.9","000000"
"72539014836","2019-05-15","42.7761","-84.5997","261.8","LANSING CAPITAL CITY AIRPORT, MI US","  59.8","24","  39.7","24","1014.0","24","982.5","24"," 10.0","24","  8.1","24"," 20.0"," 27.0","  73.9"," ","  36.0"," "," 0.00","G","999.9","000000"
"72539014836","2019-05-16","42.7761","-84.5997","261.8","LANSING CAPITAL CITY AIRPORT, MI US","  61.2","24","  50.0","24","1011.0","24","979.6","24","  9.7","24","  7.9","24"," 20.0"," 27.0","  75.9"," ","  45.0"," "," 0.00","G","999.9","000000"
"72539014836","2019-05-17","42.7761","-84.5997","261.8","LANSING CAPITAL CITY AIRPORT, MI US","  63.2","24","  53.5","24","1009.0","24","977.8","24","  9.8","24","  5.1","24","  8.9","999.9","  75.9"," ","  45.0"," "," 0.00","G","999.9","000000"
"72539014836","2019-05-18","42.7761","-84.5997","261.8","LANSING CAPITAL CITY AIRPORT, MI US","  59.6","24","  53.0","24","1012.3","21","981.4","24","  8.8","24","  7.9","24"," 13.0","999.9","  75.9"," ","  46.9"," "," 0.42","G","999.9","010000"
"72539014836","2019-05-19","42.7761","-84.5997","261.8","LANSING CAPITAL CITY AIRPORT, MI US","  66.9","24","  60.6","24","1006.4","23","975.3","24","  9.5","24","  8.7","24"," 22.0"," 28.0","  75.9"," ","  46.9"," "," 0.12","B","999.9","010000"
"72539014836","2019-05-20","42.7761","-84.5997","261.8","LANSING CAPITAL CITY AIRPORT, MI US","  53.1","24","  46.7","24","1010.9","22","979.4","24","  9.9","24"," 12.1","24"," 20.0"," 24.1","  75.0"," ","  46.9"," "," 0.00","H","999.9","010000"
"72539014836","2019-05-21","42.7761","-84.5997","261.8","LANSING CAPITAL CITY AIRPORT, MI US","  49.0","24","  40.0","24","1021.8","24","989.7","24"," 10.0","24","  4.1","24","  9.9"," 14.0","  62.1"," ","  37.0"," "," 0.00","G","999.9","000000"
"72539014836","2019-05-22","42.7761","-84.5997","261.8","LANSING CAPITAL CITY AIRPORT, MI US","  57.5","24","  46.0","24","1017.1","22","985.4","24","  9.5","24"," 10.3","24"," 17.1"," 26.0","  72.0","*","  50.0","*"," 0.06","G","999.9","010010"
"72539014836","2019-05-23","42.7761","-84.5997","261.8","LANSING CAPITAL CITY AIRPORT, MI US","  68.3","24","  57.0","24","1013.7","19","982.1","24","  9.7","24"," 14.0","24"," 25.1"," 33.0","  73.9"," ","  50.0"," "," 0.20","G","999.9","010010"
"72539014836","2019-05-24","42.7761","-84.5997","261.8","LANSING CAPITAL CITY AIRPORT, MI US","  57.4","24","  51.6","24","1019.7","24","988.2","24","  9.5","24","  3.8","24"," 15.0","999.9","  73.9"," ","  48.9"," "," 0.02","G","999.9","010000"
"72539014836","2019-05-25","42.7761","-84.5997","261.8","LANSING CAPITAL CITY AIRPORT, MI US","  67.6","24","  60.1","24","1013.5","22","982.2","24"," 10.0","24"," 10.1","24"," 22.0"," 27.0","  81.0"," ","  48.9"," "," 0.21","G","999.9","010010"
"72539014836","2019-05-26","42.7761","-84.5997","261.8","LANSING CAPITAL CITY AIRPORT, MI US","  66.9","24","  59.0","24","1015.3","24","984.1","24"," 10.0","24","  5.4","24"," 14.0","999.9","  81.0"," ","  55.0"," "," 0.02","G","999.9","000000"
"72539014836","2019-05-27","42.7761","-84.5997","261.8","LANSING CAPITAL CITY AIRPORT, MI US","  63.0","24","  53.1","24","1016.5","21","985.7","24","  7.7","24","  4.9","24"," 13.0"," 14.0","  73.9"," ","  51.1"," "," 0.00","G","999.9","110000"
"72539014836","2019-05-28","42.7761","-84.5997","261.8","LANSING CAPITAL CITY AIRPORT, MI US","  61.4","24","  56.5","24","1006.7","15","975.1","24","  8.0","24","  7.3","24"," 13.0"," 15.9","  73.9"," ","  51.1"," "," 0.08","G","999.9","010000"
"72539014836","2019-05-29","42.7761","-84.5997","261.8","LANSING CAPITAL CITY AIRPORT, MI US","  57.1","24","  54.3","24","1008.1","17","976.7","24","  8.8","24","  5.4","24","  8.9","999.9","  66.0","*","  51.8","*"," 0.09","G","999.9","010000"
"72539014836","2019-05-30","42.7761","-84.5997","261.8","LANSING CAPITAL CITY AIRPORT, MI US","  60.8","24","  57.4","24","1007.8","22","976.5","24","  8.3","24","  4.4","24"," 15.0"," 19.0","  68.0"," ","  52.0"," "," 0.02","G","999.9","010000"
"72539014836","2019-05-31","42.7761","-84.5997","261.8","LANSING CAPITAL CITY AIRPORT, MI US","  64.3","24","  55.9","24","1009.8","19","978.8","24","  8.3","24","  6.2","24"," 15.0"," 19.0","  80.1"," ","  48.9"," "," 0.05","G","999.9","100000"
"72539014836","2019-06-01","42.7761","-84.5997","261.8","LANSING CAPITAL CITY AIRPORT, MI US","  66.6","24","  58.9","24","1008.3","18","977.4","24","  8.7","24","  6.9","24"," 27.0"," 36.9","  80.1"," ","  48.9"," "," 0.12","G","999.9","110010"
"72539014836","2019-06-02","42.7761","-84.5997","261.8","LANSING CAPITAL CITY AIRPORT, MI US","  61.9","24","  52.4","24","1011.1","17","978.6","24","  6.7","24","  7.0","24"," 14.0"," 20.0","  71.1"," ","  53.1"," "," 1.84","G","999.9","110010"
"72539014836","2019-06-03","42.7761","-84.5997","261.8","LANSING CAPITAL CITY AIRPORT, MI US","  54.0","24","  35.7","24","1018.9","24","987.1","24"," 10.0","24","  5.5","24"," 14.0","999.9","  70.0"," ","  42.1"," "," 0.04","G","999.9","000000"
"72539014836","2019-06-04","42.7761","-84.5997","261.8","LANSING CAPITAL CITY AIRPORT, MI US","  61.6","24","  46.3","24","1016.9","24","985.3","24"," 10.0","24","  7.2","24"," 15.0"," 25.1","  75.0"," ","  42.1"," "," 0.00","G","999.9","000000"
"72539014836","2019-06-05","42.7761","-84.5997","261.8","LANSING CAPITAL CITY AIRPORT, MI US","  70.4","24","  59.9","24","1007.1","21","975.9","24","  9.7","24","  8.2","24"," 15.0"," 24.1","  79.0","*","  64.0","*"," 0.25","G","999.9","010000"
"72539014836","2019-06-06","42.7761","-84.5997","261.8","LANSING CAPITAL CITY AIRPORT, MI US","  64.4","24","  58.4","24","1011.4","18","980.3","24","  8.2","24","  4.0","24"," 11.1","999.9","  80.1"," ","  57.0"," "," 0.00","A","999.9","000000"
"72539014836","2019-06-07","42.7761","-84.5997","261.8","LANSING CAPITAL CITY AIRPORT, MI US","  68.8","24","  57.3","24","1015.0","24","983.7","24","  9.5","24","  4.4","24"," 12.0"," 14.0","  81.0"," ","  55.0"," "," 0.00","G","999.9","000000"
"72539014836","2019-06-08","42.7761","-84.5997","261.8","LANSING CAPITAL CITY AIRPORT, MI US","  68.4","24","  49.7","24","1017.9","24","986.6","24"," 10.0","24","  8.4","24"," 17.1"," 21.0","  81.0"," ","  54.0"," "," 0.00","G","999.9","000000"
"72539014836","2019-06-09","42.7761","-84.5997","261.8","LANSING CAPITAL CITY AIRPORT, MI US","  66.5","24","  56.1","24","1017.0","22","985.7","24","  8.6","24","  6.4","24"," 12.0","999.9","  81.0"," ","  54.0"," "," 0.00","G","999.9","010000"
"72539014836","2019-06-10","42.7761","-84.5997","261.8","LANSING CAPITAL CITY AIRPORT, MI US","  65.5","24","  61.8","24","1015.2","12","982.2","24","  6.6","24","  8.8","24"," 19.0"," 26.0","  70.0"," ","  57.9"," "," 1.80","G","999.9","010000"
"72539014836","2019-06-11","42.7761","-84.5997","261.8","LANSING CAPITAL CITY AIRPORT, MI US","  62.2","24","  46.8","24","1020.8","24","989.1","24"," 10.0","24","  5.7","24"," 13.0"," 18.1","  78.1"," ","  48.0"," "," 0.05","G","999.9","000000"
"72539014836","2019-06-12","42.7761","-84.5997","261.8","LANSING CAPITAL CITY AIRPORT, MI US","  66.5","24","  48.8","24","1015.7","24","984.4","24"," 10.0","24","  6.6","24"," 14.0"," 20.0","  78.1"," ","  48.0"," "," 0.00","G","999.9","000000"
"72539014836","2019-06-13","42.7761","-84.5997","261.8","LANSING CAPITAL CITY AIRPORT, MI US","  58.3","24","  53.8","24","1007.2","15","975.3","24","  8.6","24","  7.1","24"," 15.0"," 24.1","  75.9"," ","  55.0"," "," 0.23","G","999.9","010000"
"72539014836","2019-06-14","42.7761","-84.5997","261.8","LANSING CAPITAL CITY AIRPORT, MI US","  59.5","24","  44.4","24","1014.6","24","983.0","24"," 10.0","24","  9.1","24"," 15.0"," 22.0","  73.9"," ","  45.0"," "," 0.15","G","999.9","000000"
"72539014836","2019-06-15","42.7761","-84.5997","261.8","LANSING CAPITAL CITY AIRPORT, MI US","  66.9","24","  53.6","24","1010.4","22","979.2","24","  9.4","24","  9.9","24"," 15.9"," 26.0","  71.1","*","  63.0","*"," 0.00","G","999.9","010000"
"72539014836","2019-06-16","42.7761","-84.5997","261.8","LANSING CAPITAL CITY AIRPORT, MI US","  58.5","24","  55.0","24","1011.2","17","979.6","24","  7.2","24","  6.3","24"," 13.0"," 17.1","  72.0"," ","  52.0"," "," 0.02","G","999.9","010000"
"72539014836","2019-06-17","42.7761","-84.5997","261.8","LANSING CAPITAL CITY AIRPORT, MI US","  60.3","24","  55.9","24","1015.1","19","983.9","24","  9.9","24","  4.4","24","  8.0","999.9","  69.1"," ","  52.0"," "," 0.30","G","999.9","000000"
"72539014836","2019-06-18","42.7761","-84.5997","261.8","LANSING CAPITAL CITY AIRPORT, MI US","  68.8","24","  60.3","24","1014.2","24","983.1","24","  9.5","24","  1.7","24","  6.0","999.9","  81.0"," ","  55.0"," "," 0.00","G","999.9","000000"
"72539014836","2019-06-19","42.7761","-84.5997","261.8","LANSING CAPITAL CITY AIRPORT, MI US","  68.6","24","  62.5","24","1009.0","23","978.0","24","  9.2","24","  3.6","24"," 15.9"," 20.0","  81.0"," ","  59.0"," "," 0.00","G","999.9","010010"
"72539014836","2019-06-20","42.7761","-84.5997","261.8","LANSING CAPITAL CITY AIRPORT, MI US","  62.9","24","  60.6","24","1004.4","15","973.3","24","  7.1","24","  8.0","24"," 12.0"," 20.0","  77.0"," ","  59.0"," "," 1.35","G","999.9","010000"
"72539014836","2019-06-21","42.7761","-84.5997","261.8","LANSING CAPITAL CITY AIRPORT, MI US","  63.9","24","  52.7","24","1013.7","22","982.2","24","  8.9","24","  2.9","24","  6.0","999.9","  77.0"," ","  52.0"," "," 0.29","G","999.9","000000"
"72539014836","2019-06-22","42.7761","-84.5997","261.8","LANSING CAPITAL CITY AIRPORT, MI US","  65.5","24","  51.1","24","1018.9","24","987.5","24"," 10.0","24","  4.3","24","  9.9","999.9","  77.0"," ","  52.0"," "," 0.00","G","999.9","000000"
"72539014836","2019-06-23","42.7761","-84.5997","261.8","LANSING CAPITAL CITY AIRPORT, MI US","  67.5","24","  54.0","24","1017.0","24","985.7","24"," 10.0","24","  6.0","24"," 13.0"," 18.1","  81.0"," ","  52.0"," "," 0.00","G","999.9","000000"
"72539014836","2019-06-24","42.7761","-84.5997","261.8","LANSING CAPITAL CITY AIRPORT, MI US","  70.7","24","  63.3","24","1005.8","20","974.8","24","  9.1","24","  9.0","24"," 15.9"," 25.1","  81.0"," ","  54.0"," "," 0.12","G","999.9","010000"
"72539014836","2019-06-25","42.7761","-84.5997","261.8","LANSING CAPITAL CITY AIRPORT, MI US","  70.5","24","  60.0","24","1008.3","23","977.1","24"," 10.0","24"," 12.0","24"," 26.0"," 33.0","  82.9"," ","  61.0"," "," 0.13","G","999.9","000000"
"72539014836","2019-06-26","42.7761","-84.5997","261.8","LANSING CAPITAL CITY AIRPORT, MI US","  73.0","24","  61.0","24","1015.4","24","984.0","24","  9.7","24","  7.9","24"," 18.1"," 36.9","  84.0"," ","  61.0"," "," 0.05","G","999.9","010000"
"72539014836","2019-06-27","42.7761","-84.5997","261.8","LANSING CAPITAL CITY AIRPORT, MI US","  73.8","24","  60.8","24","1020.7","24","989.4","24"," 10.0","24","  3.3","24","  8.9","999.9","  87.1"," ","  62.1"," "," 0.00","G","999.9","000000"
"72539014836","2019-06-28","42.7761","-84.5997","261.8","LANSING CAPITAL CITY AIRPORT, MI US","  77.3","24","  66.7","24","1020.2","24","989.2","24"," 10.0","24","  5.0","24"," 11.1"," 18.1","  87.1"," ","  62.1"," "," 0.00","G","999.9","000000"
"72539014836","2019-06-29","42.7761","-84.5997","261.8","LANSING CAPITAL CITY AIRPORT, MI US","  77.1","24","  67.2","24","1018.1","24","987.2","24","  9.3","24","  3.0","24","  8.0","999.9","  87.1"," ","  66.9"," "," 0.00","G","999.9","000000"
"72539014836","2019-06-30","42.7761","-84.5997","261.8","LANSING CAPITAL CITY AIRPORT, MI US","  76.4","23","  61.5","23","1016.8","23","985.7","23"," 10.0","23","  3.9","23","  7.0","999.9","  84.0","*","  64.9","*"," 0.00","G","999.9","000000"
"72539014836","2019-07-01","42.7761","-84.5997","261.8","LANSING CAPITAL CITY AIRPORT, MI US","  77.4","24","  63.8","24","1014.8","24","983.8","24"," 10.0","24","  5.1","24","  9.9","999.9","  90.0"," ","  64.9"," "," 0.00","G","999.9","000000"
"72539014836","2019-07-02","42.7761","-84.5997","261.8","LANSING CAPITAL CITY AIRPORT, MI US","  77.9","24","  68.9","24","1012.1","24","981.3","24","  9.6","24","  4.9","24"," 11.1","999.9","  90.0"," ","  66.9"," "," 0.00","G","999.9","010000"
"72539014836","2019-07-03","42.7761","-84.5997","261.8","LANSING CAPITAL CITY AIRPORT, MI US","  74.8","24","  69.4","24","1011.9","15","981.1","24","  9.0","24","  5.0","24"," 26.0"," 33.0","  90.0"," ","  68.0"," "," 0.47","G","999.9","010010"
"72539014836","2019-07-04","42.7761","-84.5997","261.8","LANSING CAPITAL CITY AIRPORT, MI US","  77.5","24","  66.4","24","1014.6","23","983.6","24"," 10.0","24","  5.3","24"," 13.0"," 22.0","  89.1"," ","  69.1"," "," 0.00","G","999.9","010010"
"72539014836","2019-07-05","42.7761","-84.5997","261.8","LANSING CAPITAL CITY AIRPORT, MI US","  78.4","24","  71.5","24","1015.5","23","984.6","24","  7.4","24","  5.2","24"," 11.1","999.9","  89.1"," ","  69.1"," "," 0.19","G","999.9","010010"
"72539014836","2019-07-06","42.7761","-84.5997","261.8","LANSING CAPITAL CITY AIRPORT, MI US","  78.2","24","  71.3","24","1014.8","20","983.8","24","  8.8","24","  5.2","24"," 13.0","999.9","  89.1"," ","  71.1"," "," 0.00","G","999.9","000000"
"72539014836","2019-07-07","42.7761","-84.5997","261.8","LANSING CAPITAL CITY AIRPORT, MI US","  72.0","24","  58.6","24","1016.7","24","985.5","24","  9.6","24","  9.0","24"," 14.0"," 20.0","  86.0"," ","  64.9"," "," 0.00","G","999.9","000000"
"72539014836","2019-07-08","42.7761","-84.5997","261.8","LANSING CAPITAL CITY AIRPORT, MI US","  66.5","24","  51.4","24","1018.1","24","986.8","24"," 10.0","24","  3.8","24","  8.9","999.9","  80.1"," ","  52.0"," "," 0.00","G","999.9","000000"
"72539014836","2019-07-09","42.7761","-84.5997","261.8","LANSING CAPITAL CITY AIRPORT, MI US","  70.2","24","  57.5","24","1018.0","24","986.7","24"," 10.0","24","  3.1","24","  7.0","999.9","  82.9"," ","  52.0"," "," 0.00","G","999.9","000000"
"72539014836","2019-07-10","42.7761","-84.5997","261.8","LANSING CAPITAL CITY AIRPORT, MI US","  76.4","24","  63.4","24","1014.2","24","983.2","24"," 10.0","24","  5.9","24"," 12.0","999.9","  91.0"," ","  57.0"," "," 0.00","G","999.9","000000"
"72539014836","2019-07-11","42.7761","-84.5997","261.8","LANSING CAPITAL CITY AIRPORT, MI US","  78.8","24","  63.1","24","1010.4","24","979.7","24"," 10.0","24","  8.0","24"," 13.0"," 19.0","  91.0"," ","  64.0"," "," 0.00","G","999.9","000000"
"72539014836","2019-07-12","42.7761","-84.5997","261.8","LANSING CAPITAL CITY AIRPORT, MI US","  66.6","24","  55.7","24","1013.9","23","982.8","24"," 10.0","24","  4.8","24"," 12.0","999.9","  84.9"," ","  55.9"," "," 0.00","G","999.9","000000"
"72539014836","2019-07-13","42.7761","-84.5997","261.8","LANSING CAPITAL CITY AIRPORT, MI US","  75.9","24","  60.1","24","1013.7","24","982.7","24"," 10.0","24","  7.9","24"," 17.1"," 22.9","  90.0"," ","  55.9"," "," 0.00","G","999.9","000000"
"72539014836","2019-07-14","42.7761","-84.5997","261.8","LANSING CAPITAL CITY AIRPORT, MI US","  73.7","24","  53.1","24","1019.3","24","988.1","24"," 10.0","24","  3.3","24","  8.0","999.9","  90.0"," ","  59.0"," "," 0.00","G","999.9","000000"
"72539014836","2019-07-15","42.7761","-84.5997","261.8","LANSING CAPITAL CITY AIRPORT, MI US","  76.2","24","  60.3","24","1017.9","24","986.8","24"," 10.0","24","  5.2","24"," 14.0"," 22.9","  91.9"," ","  59.0"," "," 0.00","G","999.9","010000"
"72539014836","2019-07-16","42.7761","-84.5997","261.8","LANSING CAPITAL CITY AIRPORT, MI US","  77.7","24","  66.2","24","1014.5","20","983.5","24","  9.6","24","  7.4","24"," 15.9"," 20.0","  91.9"," ","  62.1"," "," 0.00","G","999.9","110010"
"72539014836","2019-07-17","42.7761","-84.5997","261.8","LANSING CAPITAL CITY AIRPORT, MI US","  76.8","24","  70.7","24","1012.3","18","981.4","24","  7.6","24","  3.5","24","  8.0"," 15.0","  87.1"," ","  70.0"," "," 1.23","G","999.9","000000"
"72539014836","2019-07-18","42.7761","-84.5997","261.8","LANSING CAPITAL CITY AIRPORT, MI US","  77.2","24","  67.2","24","1012.1","24","981.2","24"," 10.0","24","  7.8","24"," 14.0"," 22.9","  87.1"," ","  70.0"," "," 0.00","G","999.9","010000"
"72539014836","2019-07-19","42.7761","-84.5997","261.8","LANSING CAPITAL CITY AIRPORT, MI US","  83.1","24","  74.2","24","1009.4","23","978.7","24","  9.6","24","  8.8","24"," 20.0"," 25.1","  93.0"," ","  71.1"," "," 0.00","G","999.9","010010"
"72539014836","2019-07-20","42.7761","-84.5997","261.8","LANSING CAPITAL CITY AIRPORT, MI US","  80.9","24","  70.6","24","1010.7","22","980.0","24","  9.7","24"," 10.9","24"," 22.9"," 42.9","  93.0"," ","  71.1"," "," 0.17","G","999.9","010000"
"72539014836","2019-07-21","42.7761","-84.5997","261.8","LANSING CAPITAL CITY AIRPORT, MI US","  73.6","24","  67.9","24","1012.7","17","982.0","24","  9.6","24","  4.0","24"," 13.0","999.9","  79.0","*","  69.8","*"," 0.34","G","999.9","010000"
"72539014836","2019-07-22","42.7761","-84.5997","261.8","LANSING CAPITAL CITY AIRPORT, MI US","  69.5","24","  57.9","24","1014.7","24","983.6","24"," 10.0","24","  5.8","24"," 12.0"," 15.9","  81.0"," ","  63.0"," "," 0.03","G","999.9","000000"
"72539014836","2019-07-23","42.7761","-84.5997","261.8","LANSING CAPITAL CITY AIRPORT, MI US","  65.6","24","  51.7","24","1017.0","24","985.6","24"," 10.0","24","  5.9","24"," 14.0"," 18.1","  79.0"," ","  52.0"," "," 0.00","G","999.9","010010"
"72539014836","2019-07-24","42.7761","-84.5997","261.8","LANSING CAPITAL CITY AIRPORT, MI US","  66.1","24","  53.3","24","1019.6","24","988.6","20","  9.9","24","  2.7","24","  7.0","999.9","  79.0"," ","  52.0"," "," 0.04","G","999.9","000000"
"72539014836","2019-07-25","42.7761","-84.5997","261.8","LANSING CAPITAL CITY AIRPORT, MI US","  70.8","24","  55.8","24","1021.5","24","990.3","23"," 10.0","24","  3.2","24"," 11.1","999.9","  84.0"," ","  54.0"," "," 0.00","G","999.9","000000"
"72539014836","2019-07-26","42.7761","-84.5997","261.8","LANSING CAPITAL CITY AIRPORT, MI US","  76.2","20","  58.7","20","1023.1","15","991.7","20","  9.8","20","  5.8","20"," 12.0"," 18.1","  84.0"," ","  57.9"," "," 0.00","G","999.9","000000"
"72539014836","2019-07-27","42.7761","-84.5997","261.8","LANSING CAPITAL CITY AIRPORT, MI US","  78.6","13","  61.2","13","1021.7"," 6","988.5","13"," 10.0","13"," 11.4","13"," 18.1"," 27.0","  86.0"," ","  63.0"," "," 0.00","G","999.9","000000"
"72539014836","2019-07-28","42.7761","-84.5997","261.8","LANSING CAPITAL CITY AIRPORT, MI US","  79.6","24","  65.8","24","1016.4","19","985.7","24"," 10.0","24"," 10.1","24"," 17.1"," 22.9","  90.0"," ","  71.1"," "," 0.00","G","999.9","010000"
"72539014836","2019-07-29","42.7761","-84.5997","261.8","LANSING CAPITAL CITY AIRPORT, MI US","  76.3","24","  66.5","24","1012.9","21","981.8","24","  9.4","24","  9.7","24"," 15.9"," 26.0","  84.9","*","  69.8","*"," 0.00","G","999.9","010010"
"72539014836","2019-07-30","42.7761","-84.5997","261.8","LANSING CAPITAL CITY AIRPORT, MI US","  73.0","24","  64.9","24","1013.7","20","982.4","24","  7.3","24","  6.2","24"," 11.1"," 15.0","  82.9","*","  66.2","*"," 0.26","G","999.9","010000"
"72539014836","2019-07-31","42.7761","-84.5997","261.8","LANSING CAPITAL CITY AIRPORT, MI US","  69.6","24","  56.5","24","1019.5","21","988.0","24"," 10.0","24","  5.9","22","  9.9","999.9","  84.0"," ","  61.0"," "," 0.00","G","999.9","000000"
"72539014836","2019-08-01","42.7761","-84.5997","261.8","LANSING CAPITAL CITY AIRPORT, MI US","  66.9","24","  52.1","24","1022.1","24","990.6","24"," 10.0","24","  2.9","24","  7.0","999.9","  79.0"," ","  54.0"," "," 0.00","G","999.9","000000"
"72539014836","2019-08-02","42.7761","-84.5997","261.8","LANSING CAPITAL CITY AIRPORT, MI US","  68.7","24","  51.8","24","1021.5","24","990.1","24"," 10.0","24","  2.0","23","  6.0","999.9","  82.9"," ","  53.1"," "," 0.00","G","999.9","000000"
"72539014836","2019-08-03","42.7761","-84.5997","261.8","LANSING CAPITAL CITY AIRPORT, MI US","  71.4","24","  56.4","24","1018.7","24","987.4","24"," 10.0","24","  3.1","24"," 17.1"," 24.1","  87.1"," ","  53.1"," "," 0.00","G","999.9","000000"
"72539014836","2019-08-04","42.7761","-84.5997","261.8","LANSING CAPITAL CITY AIRPORT, MI US","  72.6","24","  61.5","24","1016.8","24","985.6","24"," 10.0","24","  3.6","24"," 17.1","999.9","  87.1"," ","  57.0"," "," 0.00","G","999.9","000000"
"72539014836","2019-08-05","42.7761","-84.5997","261.8","LANSING CAPITAL CITY AIRPORT, MI US","  75.2","24","  61.5","24","1014.6","24","983.6","24","  9.8","24","  4.8","24"," 12.0"," 18.1","  88.0"," ","  61.0"," "," 0.00","G","999.9","000000"
"72539014836","2019-08-06","42.7761","-84.5997","261.8","LANSING CAPITAL CITY AIRPORT, MI US","  73.8","24","  64.4","24","1008.9","23","978.1","24","  9.2","24","  4.4","24"," 13.0"," 25.1","  88.0"," ","  63.0"," "," 0.01","G","999.9","010000"
"72539014836","2019-08-07","42.7761","-84.5997","261.8","LANSING CAPITAL CITY AIRPORT, MI US","  73.2","24","  61.6","24","1009.2","23","978.4","24","  9.5","24","  4.2","24"," 11.1"," 18.1","  86.0"," ","  62.1"," "," 0.11","G","999.9","100000"
"72539014836","2019-08-08","42.7761","-84.5997","261.8","LANSING CAPITAL CITY AIRPORT, MI US","  73.0","24","  59.0","24","1008.0","24","977.1","24"," 10.0","24","  9.3","24"," 17.1"," 25.1","  86.0"," ","  62.1"," "," 0.10","G","999.9","010000"
"72539014836","2019-08-09","42.7761","-84.5997","261.8","LANSING CAPITAL CITY AIRPORT, MI US","  68.4","24","  52.6","24","1012.0","24","980.9","24"," 10.0","24","  7.7","24"," 14.0"," 22.9","  82.0"," ","  57.0"," "," 0.00","I","999.9","000000"
"72539014836","2019-08-10","42.7761","-84.5997","261.8","LANSING CAPITAL CITY AIRPORT, MI US","  67.9","24","  53.6","24","1015.3","24","984.0","24"," 10.0","24","  3.5","24"," 11.1"," 15.0","  82.9"," ","  54.0"," "," 0.00","G","999.9","000000"
"72539014836","2019-08-11","42.7761","-84.5997","261.8","LANSING CAPITAL CITY AIRPORT, MI US","  69.0","24","  56.1","24","1016.8","24","985.6","24"," 10.0","24","  2.9","24","  8.9"," 15.0","  84.9"," ","  54.0"," "," 0.00","G","999.9","000000"
"72539014836","2019-08-12","42.7761","-84.5997","261.8","LANSING CAPITAL CITY AIRPORT, MI US","  77.4","24","  63.2","24","1012.4","23","981.6","24"," 10.0","24","  3.5","24","  8.9"," 15.9","  89.1"," ","  55.0"," "," 0.00","G","999.9","000000"
"72539014836","2019-08-13","42.7761","-84.5997","261.8","LANSING CAPITAL CITY AIRPORT, MI US","  76.5","24","  62.0","24","1009.5","23","978.5","24"," 10.0","24","  5.7","24","  9.9","999.9","  89.1"," ","  69.1"," "," 0.00","G","999.9","000000"
"72539014836","2019-08-14","42.7761","-84.5997","261.8","LANSING CAPITAL CITY AIRPORT, MI US","  70.5","24","  55.5","24","1013.6","24","982.5","24"," 10.0","24","  6.5","24"," 14.0","999.9","  84.9"," ","  62.1"," "," 0.00","G","999.9","010000"
"72539014836","2019-08-15","42.7761","-84.5997","261.8","LANSING CAPITAL CITY AIRPORT, MI US","  65.7","24","  56.4","24","1015.3","22","984.0","24","  9.9","24","  6.7","24"," 11.1","999.9","  81.0"," ","  60.1"," "," 0.01","G","999.9","010000"
"72539014836","2019-08-16","42.7761","-84.5997","261.8","LANSING CAPITAL CITY AIRPORT, MI US","  66.7","24","  57.5","24","1014.2","13","983.8","24","  6.7","24","  3.7","24"," 11.1","999.9","  82.0"," ","  55.0"," "," 0.00","I","999.9","100000"
"72539014836","2019-08-17","42.7761","-84.5997","261.8","LANSING CAPITAL CITY AIRPORT, MI US","  75.4","24","  60.5","24","1012.2","24","981.2","24"," 10.0","24","  7.2","24"," 12.0"," 18.1","  87.1"," ","  55.0"," "," 0.00","G","999.9","000000"
"72539014836","2019-08-18","42.7761","-84.5997","261.8","LANSING CAPITAL CITY AIRPORT, MI US","  74.6","24","  66.6","24","1011.1","18","980.4","24","  8.7","24","  7.2","24"," 19.0"," 26.0","  87.1"," ","  64.0"," "," 0.00","G","999.9","010000"
"72539014836","2019-08-19","42.7761","-84.5997","261.8","LANSING CAPITAL CITY AIRPORT, MI US","  74.1","24","  63.3","24","1014.6","24","983.6","24","  9.7","24","  4.7","24","  8.9","999.9","  87.1"," ","  64.9"," "," 0.02","G","999.9","000000"
"72539014836","2019-08-20","42.7761","-84.5997","261.8","LANSING CAPITAL CITY AIRPORT, MI US","  74.8","24","  68.1","24","1016.3","20","985.2","24","  8.7","24","  3.8","24"," 12.0"," 24.1","  87.1"," ","  64.9"," "," 0.01","G","999.9","010010"
"72539014836","2019-08-21","42.7761","-84.5997","261.8","LANSING CAPITAL CITY AIRPORT, MI US","  73.0","21","  66.5","21","1013.2","18","982.2","21","  8.4","21","  5.6","21"," 18.1"," 25.1","  86.0"," ","  66.0"," "," 0.15","G","999.9","010000"
"72539014836","2019-08-22","42.7761","-84.5997","261.8","LANSING CAPITAL CITY AIRPORT, MI US","  71.2","23","  52.0","23","1015.7","19","984.6","23"," 10.0","23","  6.2","23","  9.9"," 15.0","  82.9"," ","  61.0"," "," 0.00","G","999.9","000000"
"72539014836","2019-08-23","42.7761","-84.5997","261.8","LANSING CAPITAL CITY AIRPORT, MI US","  62.6","24","  48.7","24","1021.1","24","989.5","24"," 10.0","24","  3.7","23","  9.9","999.9","  78.1"," ","  48.0"," "," 0.00","G","999.9","000000"
"72539014836","2019-08-24","42.7761","-84.5997","261.8","LANSING CAPITAL CITY AIRPORT, MI US","  61.9","24","  48.5","24","1025.6","24","993.8","24"," 10.0","24","  5.0","24"," 11.1"," 15.9","  75.0"," ","  46.9"," "," 0.00","G","999.9","000000"
"72539014836","2019-08-25","42.7761","-84.5997","261.8","LANSING CAPITAL CITY AIRPORT, MI US","  64.1","24","  52.1","24","1023.2","24","991.6","24"," 10.0","24","  6.3","24"," 14.0"," 19.0","  78.1"," ","  46.9"," "," 0.00","G","999.9","000000"
"72539014836","2019-08-26","42.7761","-84.5997","261.8","LANSING CAPITAL CITY AIRPORT, MI US","  65.9","24","  55.7","24","1016.0","22","984.4","24","  9.3","24","  9.9","24"," 18.1"," 28.9","  78.1"," ","  52.0"," "," 0.00","G","999.9","010000"
"72539014836","2019-08-27","42.7761","-84.5997","261.8","LANSING CAPITAL CITY AIRPORT, MI US","  71.5","24","  63.5","24","1008.3","18","977.1","24","  9.2","24"," 11.1","24"," 15.0"," 25.1","  81.0"," ","  60.1"," "," 0.58","G","999.9","010000"
"72539014836","2019-08-28","42.7761","-84.5997","261.8","LANSING CAPITAL CITY AIRPORT, MI US","  67.0","24","  53.7","24","1010.9","24","979.8","24"," 10.0","24","  9.9","24"," 20.0"," 31.1","  81.0"," ","  57.0"," "," 0.28","G","999.9","000000"
"72539014836","2019-08-29","42.7761","-84.5997","261.8","LANSING CAPITAL CITY AIRPORT, MI US","  67.8","24","  54.2","24","1013.3","24","982.1","24"," 10.0","24","  8.1","24"," 19.0"," 28.0","  82.0"," ","  55.0"," "," 0.00","G","999.9","010000"
"72539014836","2019-08-30","42.7761","-84.5997","261.8","LANSING CAPITAL CITY AIRPORT, MI US","  67.7","24","  56.0","24","1016.5","22","984.2","24","  9.5","24","  7.3","24"," 24.1"," 33.0","  82.0"," ","  55.0"," "," 0.58","G","999.9","010010"
"72539014836","2019-08-31","42.7761","-84.5997","261.8","LANSING CAPITAL CITY AIRPORT, MI US","  61.6","24","  47.6","24","1025.5","24","993.8","24"," 10.0","24","  4.4","24"," 12.0","999.9","  75.0"," ","  48.0"," "," 0.00","G","999.9","000000"
"72539014836","2019-09-01","42.7761","-84.5997","261.8","LANSING CAPITAL CITY AIRPORT, MI US","  62.6","24","  52.7","24","1023.2","24","991.3","24"," 10.0","24","  4.0","24","  8.9","999.9","  73.0"," ","  48.0"," "," 0.15","G","999.9","010000"
"72539014836","2019-09-02","42.7761","-84.5997","261.8","LANSING CAPITAL CITY AIRPORT, MI US","  68.4","24","  60.4","24","1017.9","19","986.6","24","  9.3","24","  6.3","24"," 15.9"," 22.0","  81.0"," ","  55.9"," "," 0.00","I","999.9","000000"
"72539014836","2019-09-03","42.7761","-84.5997","261.8","LANSING CAPITAL CITY AIRPORT, MI US","  69.4","24","  60.7","24","1014.2","24","983.0","24"," 10.0","24","  8.3","24"," 21.0"," 31.1","  81.0"," ","  60.1"," "," 0.00","G","999.9","000000"
"72539014836","2019-09-04","42.7761","-84.5997","261.8","LANSING CAPITAL CITY AIRPORT, MI US","  65.7","24","  56.8","24","1014.6","23","983.0","24","  9.9","24","  7.0","24"," 12.0"," 20.0","  80.1"," ","  59.0"," "," 0.04","G","999.9","010010"
"72539014836","2019-09-05","42.7761","-84.5997","261.8","LANSING CAPITAL CITY AIRPORT, MI US","  59.9","24","  50.1","24","1021.1","24","989.4","24","  9.8","24","  1.4","24","  6.0","999.9","  73.9"," ","  46.9"," "," 0.00","G","999.9","000000"
"72539014836","2019-09-06","42.7761","-84.5997","261.8","LANSING CAPITAL CITY AIRPORT, MI US","  60.7","17","  54.4","17","1015.3","17","983.9","17","  9.9","17","  4.7","17","  9.9"," 20.0","  73.9"," ","  46.9"," "," 0.00","G","999.9","010000"
"72539014836","2019-09-07","42.7761","-84.5997","261.8","LANSING CAPITAL CITY AIRPORT, MI US","  63.8"," 9","  55.0"," 9","9999.9"," 0","984.7"," 9"," 10.0"," 9","  7.6"," 9"," 12.0"," 19.0","  73.0","*","  57.0","*"," 0.02","G","999.9","010000"
"72539014836","2019-09-08","42.7761","-84.5997","261.8","LANSING CAPITAL CITY AIRPORT, MI US","  61.1","19","  51.5","19","1020.3"," 9","988.6","19"," 10.0","19","  4.8","19","  9.9","999.9","  73.0","*","  52.0","*"," 0.00","G","999.9","000000"
"72539014836","2019-09-09","42.7761","-84.5997","261.8","LANSING CAPITAL CITY AIRPORT, MI US","  59.1","18","  51.3","18","1023.6"," 9","992.1","18","  9.7","18","  5.2","18","999.9","999.9","  71.1","*","  53.1","*"," 0.00","G","999.9","010000"
"72539014836","2019-09-10","42.7761","-84.5997","261.8","LANSING CAPITAL CITY AIRPORT, MI US","  67.7","15","  63.5"," 7","1021.5"," 7","989.1","14","  8.7","15","  8.3","15"," 12.0","999.9","  82.0","*","  62.6","*"," 0.01","G","999.9","010010"
"72539014836","2019-09-11","42.7761","-84.5997","261.8","LANSING CAPITAL CITY AIRPORT, MI US","  78.1","21","  68.2","21","1018.0","12","987.4","21","  8.4","21","  7.3","21"," 13.0"," 15.9","  86.0","*","  66.0","*"," 0.18","G","999.9","100000"
"72539014836","2019-09-12","42.7761","-84.5997","261.8","LANSING CAPITAL CITY AIRPORT, MI US","  68.5","23","  62.8","23","1020.6","11","989.3","23","  8.2","23","  7.7","23"," 21.0"," 34.0","  86.0","*","  61.0","*"," 0.60","G","999.9","010010"
"72539014836","2019-09-13","42.7761","-84.5997","261.8","LANSING CAPITAL CITY AIRPORT, MI US","  69.0","24","  64.1","24","1018.2","19","986.9","24","  8.1","24"," 11.0","24"," 17.1"," 25.1","  82.0"," ","  61.0"," "," 0.01","G","999.9","010000"
"72539014836","2019-09-14","42.7761","-84.5997","261.8","LANSING CAPITAL CITY AIRPORT, MI US","  65.2","24","  53.8","24","1020.3","24","988.9","24","  9.6","24","  9.5","24"," 15.0"," 20.0","  82.0"," ","  55.9"," "," 0.10","G","999.9","000000"
"72539014836","2019-09-15","42.7761","-84.5997","261.8","LANSING CAPITAL CITY AIRPORT, MI US","  65.4","24","  58.0","24","1020.0","24","988.5","24","  9.7","24","  5.5","24"," 14.0"," 24.1","  75.0"," ","  55.9"," "," 0.00","G","999.9","010000"
"72539014836","2019-09-16","42.7761","-84.5997","261.8","LANSING CAPITAL CITY AIRPORT, MI US","  70.3","24","  63.3","24","1018.5","19","987.2","24","  9.6","24","  3.3","24","  8.0","999.9","  79.0"," ","  57.9"," "," 0.06","G","999.9","000000"
"72539014836","2019-09-17","42.7761","-84.5997","261.8","LANSING CAPITAL CITY AIRPORT, MI US","  63.1","24","  58.1","24","1022.1","21","990.7","24","  7.0","24","  4.3","24","  8.0","999.9","  79.0"," ","  55.9"," "," 0.00","G","999.9","100000"
"72539014836","2019-09-18","42.7761","-84.5997","261.8","LANSING CAPITAL CITY AIRPORT, MI US","  66.3","24","  56.3","24","1022.1","24","990.6","24","  8.8","24","  4.1","24"," 11.1","999.9","  80.1"," ","  54.0"," "," 0.00","G","999.9","000000"
"72539014836","2019-09-19","42.7761","-84.5997","261.8","LANSING CAPITAL CITY AIRPORT, MI US","  68.8","24","  53.2","24","1020.8","24","989.4","24"," 10.0","24","  5.4","24","  8.0","999.9","  82.0"," ","  54.0"," "," 0.00","G","999.9","000000"
"72539014836","2019-09-20","42.7761","-84.5997","261.8","LANSING CAPITAL CITY AIRPORT, MI US","  70.2","24","  58.2","24","1020.2","24","988.9","24","  9.7","24","  2.5","24","  8.0","999.9","  82.9"," ","  59.0"," "," 0.00","G","999.9","000000"
"72539014836","2019-09-21","42.7761","-84.5997","261.8","LANSING CAPITAL CITY AIRPORT, MI US","  71.9","24","  64.4","24","1020.2","24","988.9","24","  9.7","24","  3.7","24"," 17.1"," 27.0","  86.0"," ","  60.1"," "," 0.00","G","999.9","010010"
"72539014836","2019-09-22","42.7761","-84.5997","261.8","LANSING CAPITAL CITY AIRPORT, MI US","  75.3","24","  63.7","24","1014.8","24","983.8","24","  9.6","24","  9.9","24"," 17.1"," 28.9","  86.0"," ","  64.0"," "," 0.08","G","999.9","010000"
"72539014836","2019-09-23","42.7761","-84.5997","261.8","LANSING CAPITAL CITY AIRPORT, MI US","  67.7","24","  59.7","24","1011.7","19","980.1","24","  9.1","24"," 10.8","24"," 18.1"," 25.1","  84.0"," ","  63.0"," "," 0.34","G","999.9","010000"
"72539014836","2019-09-24","42.7761","-84.5997","261.8","LANSING CAPITAL CITY AIRPORT, MI US","  62.9","24","  52.5","24","1014.5","24","983.1","24"," 10.0","24","  5.7","24"," 13.0"," 19.0","  77.0"," ","  52.0"," "," 0.02","G","999.9","000000"
"72539014836","2019-09-25","42.7761","-84.5997","261.8","LANSING CAPITAL CITY AIRPORT, MI US","  66.6","24","  55.4","24","1007.8","24","976.7","24"," 10.0","24"," 11.6","24"," 20.0"," 28.9","  77.0"," ","  52.0"," "," 0.00","G","999.9","000000"
"72539014836","2019-09-26","42.7761","-84.5997","261.8","LANSING CAPITAL CITY AIRPORT, MI US","  63.9","24","  48.6","24","1010.3","24","979.1","24"," 10.0","24","  8.8","24"," 15.9"," 25.1","  73.0"," ","  57.9"," "," 0.00","G","999.9","000000"
"72539014836","2019-09-27","42.7761","-84.5997","261.8","LANSING CAPITAL CITY AIRPORT, MI US","  58.8","24","  45.4","24","1012.9","23","981.2","24","  9.7","24","  7.1","24"," 17.1"," 25.1","  72.0"," ","  46.9"," "," 0.00","G","999.9","010010"
"72539014836","2019-09-28","42.7761","-84.5997","261.8","LANSING CAPITAL CITY AIRPORT, MI US","  63.3","24","  60.2","24","1014.5","14","983.2","24","  7.5","24","  6.3","24"," 11.1","999.9","  72.0"," ","  50.0"," "," 1.10","G","999.9","010010"
"72539014836","2019-09-29","42.7761","-84.5997","261.8","LANSING CAPITAL CITY AIRPORT, MI US","  53.9","24","  51.3","24","1025.5","20","993.7","24","  7.7","24","  6.8","24"," 14.0"," 20.0","  66.0"," ","  48.9"," "," 0.02","G","999.9","010000"
"72539014836","2019-09-30","42.7761","-84.5997","261.8","LANSING CAPITAL CITY AIRPORT, MI US","  63.6","24","  59.9","24","1020.2","24","988.8","24","  6.6","24","  6.9","24"," 11.1","999.9","  82.0"," ","  48.9"," "," 0.72","G","999.9","010000"
"72539014836","2019-10-01","42.7761","-84.5997","261.8","LANSING CAPITAL CITY AIRPORT, MI US","  73.2","24","  67.0","24","1014.2","22","983.2","24","  9.8","24","  7.2","24"," 11.1","999.9","  82.0"," ","  57.0"," "," 0.01","G","999.9","010000"
"72539014836","2019-10-02","42.7761","-84.5997","261.8","LANSING CAPITAL CITY AIRPORT, MI US","  63.5","24","  60.8","24","1013.2","19","982.0","24","  7.3","24","  8.0","24"," 17.1"," 25.1","  79.0"," ","  53.1"," "," 0.70","G","999.9","110010"
"72539014836","2019-10-03","42.7761","-84.5997","261.8","LANSING CAPITAL CITY AIRPORT, MI US","  55.3","24","  52.0","24","1015.9","12","983.9","24","  5.6","24","  8.1","24"," 15.0"," 24.1","  69.1"," ","  51.1"," "," 1.58","G","999.9","010000"
"72539014836","2019-10-04","42.7761","-84.5997","261.8","LANSING CAPITAL CITY AIRPORT, MI US","  50.7","24","  43.2","24","1026.0","24","993.9","24"," 10.0","24","  7.5","24"," 13.0"," 18.1","  57.0","*","  42.1","*"," 0.06","G","999.9","000000"
"72539014836","2019-10-05","42.7761","-84.5997","261.8","LANSING CAPITAL CITY AIRPORT, MI US","  49.8","24","  41.7","24","1024.8","22","993.0","24"," 10.0","24","  7.5","24"," 14.0"," 20.0","  60.1"," ","  39.9"," "," 0.00","G","999.9","000000"
"72539014836","2019-10-06","42.7761","-84.5997","261.8","LANSING CAPITAL CITY AIRPORT, MI US","  58.3","24","  48.5","24","1016.0","19","984.0","24","  9.9","24","  9.9","24"," 17.1"," 26.0","  66.0"," ","  39.9"," "," 0.03","G","999.9","010000"
"72539014836","2019-10-07","42.7761","-84.5997","261.8","LANSING CAPITAL CITY AIRPORT, MI US","  57.8","24","  43.7","24","1019.8","24","988.1","24"," 10.0","24","  7.7","24"," 15.9"," 20.0","  69.1"," ","  48.0"," "," 0.00","G","999.9","000000"
"72539014836","2019-10-08","42.7761","-84.5997","261.8","LANSING CAPITAL CITY AIRPORT, MI US","  52.2","24","  40.7","24","1024.6","24","992.6","24"," 10.0","24","  2.4","24","  6.0","999.9","  69.1"," ","  37.9"," "," 0.00","G","999.9","100000"
"72539014836","2019-10-09","42.7761","-84.5997","261.8","LANSING CAPITAL CITY AIRPORT, MI US","  55.2","24","  45.5","24","1023.7","24","991.8","24","  9.6","24","  4.1","24"," 11.1"," 15.0","  69.1"," ","  37.9"," "," 0.00","G","999.9","000000"
"72539014836","2019-10-10","42.7761","-84.5997","261.8","LANSING CAPITAL CITY AIRPORT, MI US","  57.7","24","  48.3","24","1022.1","24","990.3","24","  9.8","24","  6.6","24"," 12.0"," 19.0","  72.0"," ","  43.0"," "," 0.00","G","999.9","000000"
"72539014836","2019-10-11","42.7761","-84.5997","261.8","LANSING CAPITAL CITY AIRPORT, MI US","  61.9","24","  55.9","24","1016.7","18","983.8","24","  8.5","24"," 10.5","24"," 17.1"," 25.1","  72.0"," ","  45.0"," "," 0.00","G","999.9","010000"
"72539014836","2019-10-12","42.7761","-84.5997","261.8","LANSING CAPITAL CITY AIRPORT, MI US","  44.4","24","  34.0","24","1015.0","20","982.9","24","  9.5","24"," 12.7","24"," 20.0"," 29.9","  64.9"," ","  39.0"," "," 1.05","G","999.9","010000"
"72539014836","2019-10-13","42.7761","-84.5997","261.8","LANSING CAPITAL CITY AIRPORT, MI US","  46.7","24","  32.2","24","1010.9","24","979.0","24"," 10.0","24"," 13.5","24"," 21.0"," 31.1","  55.9"," ","  39.0"," "," 0.00","G","999.9","000000"
"72539014836","2019-10-14","42.7761","-84.5997","261.8","LANSING CAPITAL CITY AIRPORT, MI US","  45.1","24","  34.2","24","1015.3","24","983.3","24"," 10.0","24","  7.2","24"," 14.0"," 19.0","  55.9"," ","  42.1"," "," 0.00","G","999.9","000000"
"72539014836","2019-10-15","42.7761","-84.5997","261.8","LANSING CAPITAL CITY AIRPORT, MI US","  44.9","24","  35.2","24","1016.4","24","984.3","24"," 10.0","24","  5.3","24"," 13.0"," 20.0","  60.1"," ","  32.0"," "," 0.00","G","999.9","010000"
"72539014836","2019-10-16","42.7761","-84.5997","261.8","LANSING CAPITAL CITY AIRPORT, MI US","  50.3","24","  42.8","24","1004.7","15","973.0","24","  8.3","24"," 13.2","24"," 21.0"," 28.9","  61.0"," ","  32.0"," "," 0.24","G","999.9","010000"
"72539014836","2019-10-17","42.7761","-84.5997","261.8","LANSING CAPITAL CITY AIRPORT, MI US","  44.9","24","  36.1","24","1013.2","23","981.1","24"," 10.0","24"," 10.3","24"," 17.1"," 28.9","  54.0"," ","  37.9"," "," 0.04","G","999.9","000000"
"72539014836","2019-10-18","42.7761","-84.5997","261.8","LANSING CAPITAL CITY AIRPORT, MI US","  43.4","24","  34.4","24","1018.2","24","986.1","24"," 10.0","24","  2.7","24","  6.0","999.9","  55.0"," ","  30.9"," "," 0.00","G","999.9","000000"
"72539014836","2019-10-19","42.7761","-84.5997","261.8","LANSING CAPITAL CITY AIRPORT, MI US","  47.5","24","  37.3","24","1014.7","24","982.7","24"," 10.0","24","  6.6","24"," 13.0"," 20.0","  61.0"," ","  30.9"," "," 0.00","G","999.9","000000"
"72539014836","2019-10-20","42.7761","-84.5997","261.8","LANSING CAPITAL CITY AIRPORT, MI US","  54.9","24","  44.9","24","1010.9","24","979.3","24"," 10.0","24","  4.0","24","  8.0","999.9","  68.0"," ","  39.0"," "," 0.00","G","999.9","000000"
"72539014836","2019-10-21","42.7761","-84.5997","261.8","LANSING CAPITAL CITY AIRPORT, MI US","  54.7","24","  48.9","24","1010.4","24","978.8","24","  8.7","24","  9.2","24"," 22.0"," 39.0","  68.0"," ","  46.9"," "," 0.00","G","999.9","010000"
"72539014836","2019-10-22","42.7761","-84.5997","261.8","LANSING CAPITAL CITY AIRPORT, MI US","  51.2","24","  43.3","24","1002.5","21","971.2","22","  9.6","24"," 13.1","24"," 22.9"," 28.9","  62.1"," ","  46.0"," "," 0.24","G","999.9","010000"
"72539014836","2019-10-23","42.7761","-84.5997","261.8","LANSING CAPITAL CITY AIRPORT, MI US","  48.3","24","  34.4","24","1010.4","24","980.0","17"," 10.0","24"," 13.3","24"," 21.0"," 31.1","  57.9"," ","  41.0"," "," 0.06","G","999.9","000000"
"72539014836","2019-10-24","42.7761","-84.5997","261.8","LANSING CAPITAL CITY AIRPORT, MI US","  47.1","24","  38.2","24","1020.4","21","988.7","24"," 10.0","24","  4.5","24"," 11.1"," 17.1","  57.9"," ","  41.0"," "," 0.01","G","999.9","010000"
"72539014836","2019-10-25","42.7761","-84.5997","261.8","LANSING CAPITAL CITY AIRPORT, MI US","  43.2","24","  34.8","24","1027.0","24","994.4","20"," 10.0","24","  2.3","24","  6.0","999.9","  53.1"," ","  39.0"," "," 0.00","G","999.9","000000"
"72539014836","2019-10-26","42.7761","-84.5997","261.8","LANSING CAPITAL CITY AIRPORT, MI US","  38.6","24","  34.3","24","1021.2","21","988.8","18","  7.1","24","  4.5","24"," 13.0"," 18.1","  48.9"," ","  30.0"," "," 0.00","G","999.9","010000"
"72539014836","2019-10-27","42.7761","-84.5997","261.8","LANSING CAPITAL CITY AIRPORT, MI US","  51.9","24","  46.5","24","1005.6","18","972.8","24","  8.0","24"," 12.2","24"," 25.1"," 35.0","  57.9","*","  46.4","*"," 1.67","G","999.9","010000"
"72539014836","2019-10-28","42.7761","-84.5997","261.8","LANSING CAPITAL CITY AIRPORT, MI US","  48.9","24","  41.4","24","1016.9","24","984.9","24","  9.8","24","  3.2","24","  9.9","999.9","  64.0"," ","  39.0"," "," 0.01","G","999.9","000000"
"72539014836","2019-10-29","42.7761","-84.5997","261.8","LANSING CAPITAL CITY AIRPORT, MI US","  47.5","24","  43.4","24","1018.4","21","986.6","24","  8.0","24","  4.8","24"," 12.0"," 17.1","  64.0"," ","  39.0"," "," 0.00","G","999.9","010000"
"72539014836","2019-10-30","42.7761","-84.5997","261.8","LANSING CAPITAL CITY AIRPORT, MI US","  39.6","24","  36.3","24","1024.3","18","991.9","24","  7.7","24","  4.9","24"," 11.1","999.9","  51.1"," ","  37.0"," "," 0.30","G","999.9","010000"
"72539014836","2019-10-31","42.7761","-84.5997","261.8","LANSING CAPITAL CITY AIRPORT, MI US","  40.7","24","  38.3","24","1009.1","16","975.9","24","  4.2","24","  9.9","24"," 20.0"," 28.9","  44.1","*","  33.1","*"," 0.60","G","999.9","011000"
"72539014836","2019-11-01","42.7761","-84.5997","261.8","LANSING CAPITAL CITY AIRPORT, MI US","  35.2","24","  27.0","24","1020.7","20","986.7","24","  8.4","24"," 11.2","24"," 20.0"," 34.0","  44.1"," ","  32.0"," "," 0.68","G","999.9","001000"
"72539014836","2019-11-02","42.7761","-84.5997","261.8","LANSING CAPITAL CITY AIRPORT, MI US","  39.3","24","  30.8","24","1018.9","21","986.3","24","  9.7","24","  9.9","24"," 17.1"," 28.9","  44.1"," ","  32.0"," "," 0.00","G","999.9","010000"
"72539014836","2019-11-03","42.7761","-84.5997","261.8","LANSING CAPITAL CITY AIRPORT, MI US","  37.6","24","  28.1","24","1020.0","24","987.6","24"," 10.0","24","  7.7","24"," 15.9"," 22.9","  44.1"," ","  32.0"," "," 0.05","G","999.9","010000"
"72539014836","2019-11-04","42.7761","-84.5997","261.8","LANSING CAPITAL CITY AIRPORT, MI US","  46.2","24","  34.4","24","1014.7","24","982.6","24"," 10.0","24"," 11.7","24"," 15.9"," 25.1","  54.0"," ","  32.0"," "," 0.01","G","999.9","010000"
"72539014836","2019-11-05","42.7761","-84.5997","261.8","LANSING CAPITAL CITY AIRPORT, MI US","  39.7","24","  27.9","24","1020.1","24","987.9","24"," 10.0","24","  9.7","24"," 17.1"," 26.0","  54.0"," ","  32.0"," "," 0.00","I","999.9","000000"
"72539014836","2019-11-06","42.7761","-84.5997","261.8","LANSING CAPITAL CITY AIRPORT, MI US","  30.7","24","  23.2","24","1027.0","24","994.3","24","  9.6","24","  3.8","24"," 13.0","999.9","  44.1"," ","  24.1"," "," 0.00","G","999.9","001000"
"72539014836","2019-11-07","42.7761","-84.5997","261.8","LANSING CAPITAL CITY AIRPORT, MI US","  30.8","24","  21.9","24","1027.1","18","993.9","24","  9.2","24","  8.6","24"," 12.0"," 20.0","  37.9"," ","  24.1"," "," 0.02","G","999.9","011000"
"72539014836","2019-11-08","42.7761","-84.5997","261.8","LANSING CAPITAL CITY AIRPORT, MI US","  26.4","24","  16.3","24","1029.7","24","996.5","24"," 10.0","24","  5.7","24","  9.9","999.9","  34.0"," ","  19.0"," "," 0.00","G","999.9","000000"
"72539014836","2019-11-09","42.7761","-84.5997","261.8","LANSING CAPITAL CITY AIRPORT, MI US","  32.2","24","  18.3","24","1020.0","24","987.3","24"," 10.0","24","  9.3","24"," 14.0"," 21.0","  42.1"," ","  19.0"," "," 0.00","G","999.9","000000"
"72539014836","2019-11-10","42.7761","-84.5997","261.8","LANSING CAPITAL CITY AIRPORT, MI US","  38.8","24","  29.9","24","1014.2","21","982.0","24","  9.3","24","  5.8","24","  8.9","999.9","  42.1"," ","  27.0"," "," 0.00","G","999.9","000000"
"72539014836","2019-11-11","42.7761","-84.5997","261.8","LANSING CAPITAL CITY AIRPORT, MI US","  28.5","24","  23.2","24","1021.2","13","988.9","24","  4.5","24","  8.3","24"," 11.1"," 17.1","  36.0","*","  21.9","*"," 0.07","G","999.9","101000"
"72539014836","2019-11-12","42.7761","-84.5997","261.8","LANSING CAPITAL CITY AIRPORT, MI US","  18.8","24","  10.8","24","1026.7","21","992.8","24","  7.7","24","  7.8","24"," 14.0"," 19.0","  32.0"," ","  10.9"," "," 0.37","G","  1.2","001000"
"72539014836","2019-11-13","42.7761","-84.5997","261.8","LANSING CAPITAL CITY AIRPORT, MI US","  14.8","24","   5.6","24","1027.7","24","994.1","24","  9.9","24","  7.6","24"," 15.0"," 22.0","  24.1"," ","   8.1"," "," 0.00","G","  3.9","000000"
"72539014836","2019-11-14","42.7761","-84.5997","261.8","LANSING CAPITAL CITY AIRPORT, MI US","  25.5","24","  19.4","24","1021.5","18","988.6","24","  5.6","24","  7.6","24"," 11.1"," 18.1","  30.9"," ","   8.1"," "," 0.01","G","  3.9","001000"
"72539014836","2019-11-15","42.7761","-84.5997","261.8","LANSING CAPITAL CITY AIRPORT, MI US","  31.6","24","  23.4","24","1025.8","22","992.6","24","  8.8","24"," 10.0","24"," 18.1"," 25.1","  37.9"," ","  23.0"," "," 0.01","G","  3.1","000000"
"72539014836","2019-11-16","42.7761","-84.5997","261.8","LANSING CAPITAL CITY AIRPORT, MI US","  26.4","24","  17.7","24","1031.9","24","998.7","24","  9.9","24","  5.1","24","  9.9","999.9","  37.9"," ","  19.0"," "," 0.00","G","  3.1","000000"
"72539014836","2019-11-17","42.7761","-84.5997","261.8","LANSING CAPITAL CITY AIRPORT, MI US","  27.3","24","  18.6","24","1022.3","24","989.4","24","  9.9","24","  3.6","24","  8.0","999.9","  39.9"," ","  16.0"," "," 0.00","G","  2.0","010000"
"72539014836","2019-11-18","42.7761","-84.5997","261.8","LANSING CAPITAL CITY AIRPORT, MI US","  37.0","24","  27.1","24","1010.1","24","978.0","24","  9.2","24","  2.5","24","  7.0","999.9","  45.0","*","  33.8","*"," 0.00","G","  2.0","000000"
"72539014836","2019-11-19","42.7761","-84.5997","261.8","LANSING CAPITAL CITY AIRPORT, MI US","  36.1","24","  31.9","24","1009.4","14","977.1","24","  4.3","24","  0.7","24","  5.1","999.9","  46.0"," ","  28.0"," "," 0.01","G","  1.2","110000"
"72539014836","2019-11-20","42.7761","-84.5997","261.8","LANSING CAPITAL CITY AIRPORT, MI US","  38.6","24","  32.9","24","1019.9","22","987.2","24","  6.2","24","  3.1","24","  6.0","999.9","  42.8","*","  35.1","*"," 0.00","I","999.9","000000"
"72539014836","2019-11-21","42.7761","-84.5997","261.8","LANSING CAPITAL CITY AIRPORT, MI US","  42.8","24","  37.7","24","1017.7","18","983.1","24","  5.9","24"," 10.9","24"," 28.9"," 39.0","  52.0"," ","  36.0"," "," 0.00","G","999.9","010000"
"72539014836","2019-11-22","42.7761","-84.5997","261.8","LANSING CAPITAL CITY AIRPORT, MI US","  36.6","24","  27.8","24","1017.3","18","983.8","24","  9.9","24"," 12.4","24"," 28.9"," 34.0","  52.0"," ","  28.9"," "," 0.30","G","999.9","010000"
"72539014836","2019-11-23","42.7761","-84.5997","261.8","LANSING CAPITAL CITY AIRPORT, MI US","  28.6","24","  22.9","24","1014.4","24","981.8","24","  9.7","24","  3.6","24","  7.0","999.9","  39.0"," ","  21.0"," "," 0.00","G","999.9","000000"
"72539014836","2019-11-24","42.7761","-84.5997","261.8","LANSING CAPITAL CITY AIRPORT, MI US","  34.3","24","  28.9","24","1003.9","22","971.8","24","  6.5","24","  8.9","24"," 15.9"," 22.9","  46.9"," ","  21.0"," "," 0.00","G","999.9","000000"
"72539014836","2019-11-25","42.7761","-84.5997","261.8","LANSING CAPITAL CITY AIRPORT, MI US","  42.5","24","  35.6","24","1003.8","24","972.0","24","  9.6","24","  6.6","24","  9.9","999.9","  48.0"," ","  28.0"," "," 0.01","G","999.9","010000"
"72539014836","2019-11-26","42.7761","-84.5997","261.8","LANSING CAPITAL CITY AIRPORT, MI US","  42.4","24","  35.2","24","1008.9","22","977.2","24","  7.4","24","  4.7","24","  8.9","999.9","  51.1"," ","  30.0"," "," 0.00","G","999.9","100000"
"72539014836","2019-11-27","42.7761","-84.5997","261.8","LANSING CAPITAL CITY AIRPORT, MI US","  45.6","24","  40.5","24","1000.5","18","968.3","24","  7.0","24"," 15.7","24"," 27.0"," 42.0","  53.1"," ","  30.0"," "," 0.76","G","999.9","010000"
"72539014836","2019-11-28","42.7761","-84.5997","261.8","LANSING CAPITAL CITY AIRPORT, MI US","  34.8","24","  27.4","24","1024.4","23","991.1","24"," 10.0","24"," 11.3","24"," 22.9"," 38.1","  37.9","*","  33.1","*"," 0.13","G","999.9","010000"
"72539014836","2019-11-29","42.7761","-84.5997","261.8","LANSING CAPITAL CITY AIRPORT, MI US","  32.2","24","  25.5","24","1030.6","21","997.6","24"," 10.0","24","  3.7","24","  6.0","999.9","  35.1"," ","  30.0"," "," 0.00","G","999.9","000000"
"72539014836","2019-11-30","42.7761","-84.5997","261.8","LANSING CAPITAL CITY AIRPORT, MI US","  33.1","24","  27.5","24","1019.2","21","987.2","24","  9.1","24","  7.8","24"," 13.0"," 22.9","  36.0"," ","  30.0"," "," 0.00","G","999.9","001000"
"72539014836","2019-12-01","42.7761","-84.5997","261.8","LANSING CAPITAL CITY AIRPORT, MI US","  33.8","24","  30.2","24","1000.4","15","967.5","24","  5.3","24","  9.2","24"," 21.0"," 32.1","  37.0"," ","  30.9"," "," 0.76","G","999.9","111000"
"72539014836","2019-12-02","42.7761","-84.5997","261.8","LANSING CAPITAL CITY AIRPORT, MI US","  30.9","24","  27.3","24","1010.6","19","976.9","24","  8.3","24","  7.3","24"," 12.0"," 21.0","  37.0"," ","  28.9"," "," 0.14","G","999.9","001000"
"72539014836","2019-12-03","42.7761","-84.5997","261.8","LANSING CAPITAL CITY AIRPORT, MI US","  30.3","24","  25.3","24","1010.2","18","978.8","24","  9.0","24","  7.0","24"," 13.0"," 20.0","  34.0"," ","  27.0"," "," 0.00","G","999.9","001000"
"72539014836","2019-12-04","42.7761","-84.5997","261.8","LANSING CAPITAL CITY AIRPORT, MI US","  34.5","24","  28.2","24","1000.9","23","968.7","24","  9.5","24"," 10.8","24"," 14.0"," 22.0","  36.0"," ","  27.0"," "," 0.01","G","999.9","001000"
"72539014836","2019-12-05","42.7761","-84.5997","261.8","LANSING CAPITAL CITY AIRPORT, MI US","  34.1","24","  24.9","24","1013.5","23","981.0","24","  9.5","24","  7.1","24"," 12.0"," 20.0","  37.9"," ","  30.9"," "," 0.00","G","999.9","001000"
"72539014836","2019-12-06","42.7761","-84.5997","261.8","LANSING CAPITAL CITY AIRPORT, MI US","  36.2","24","  26.7","24","1019.2","22","985.9","24","  9.7","24","  8.4","24"," 13.0"," 22.0","  41.0"," ","  30.0"," "," 0.00","G","999.9","000000"
"72539014836","2019-12-07","42.7761","-84.5997","261.8","LANSING CAPITAL CITY AIRPORT, MI US","  28.3","24","  18.9","24","1029.2","24","996.3","24"," 10.0","24","  5.3","24","  9.9","999.9","  41.0"," ","  21.9"," "," 0.00","G","999.9","000000"
"72539014836","2019-12-08","42.7761","-84.5997","261.8","LANSING CAPITAL CITY AIRPORT, MI US","  36.3","24","  27.1","24","1018.8","24","986.2","24","  9.4","24"," 10.7","24"," 17.1"," 25.1","  46.0"," ","  21.9"," "," 0.00","G","999.9","000000"
"72539014836","2019-12-09","42.7761","-84.5997","261.8","LANSING CAPITAL CITY AIRPORT, MI US","  46.9","24","  42.3","24","1006.0","17","972.8","24","  8.2","24","  8.5","24"," 13.0"," 18.1","  48.9","*","  46.0","*"," 0.03","G","999.9","010000"
"72539014836","2019-12-10","42.7761","-84.5997","261.8","LANSING CAPITAL CITY AIRPORT, MI US","  31.0","24","  25.0","24","1010.4","16","977.7","24","  7.4","24"," 13.6","24"," 26.0"," 38.1","  48.9"," ","  19.9"," "," 0.38","G","999.9","011000"
"72539014836","2019-12-11","42.7761","-84.5997","261.8","LANSING CAPITAL CITY AIRPORT, MI US","  20.1","24","  10.1","24","1026.7","21","992.9","24","  8.9","24"," 12.4","24"," 21.0"," 40.0","  21.0","*","  16.0","*"," 0.02","G","999.9","001000"
"72539014836","2019-12-12","42.7761","-84.5997","261.8","LANSING CAPITAL CITY AIRPORT, MI US","  20.8","24","  12.7","24","1032.1","24","998.6","24","  9.7","24","  7.9","24"," 17.1"," 26.0","  35.1"," ","  12.0"," "," 0.00","G","  1.2","000000"
"72539014836","2019-12-13","42.7761","-84.5997","261.8","LANSING CAPITAL CITY AIRPORT, MI US","  36.3","24","  25.3","24","1017.3","24","984.0","19"," 10.0","24","  8.7","24"," 17.1"," 27.0","  41.0","*","  34.0","*"," 0.00","G","999.9","000000"
"72539014836","2019-12-14","42.7761","-84.5997","261.8","LANSING CAPITAL CITY AIRPORT, MI US","  32.5","24","  27.7","24","1007.4","19","974.7","19","  5.9","24","  3.8","24"," 13.0","999.9","  41.0"," ","  28.0"," "," 0.00","G","999.9","000000"
"72539014836","2019-12-15","42.7761","-84.5997","261.8","LANSING CAPITAL CITY AIRPORT, MI US","  28.4","24","  22.5","24","1014.5","15","981.2","24","  5.7","24"," 10.1","24"," 18.1"," 24.1","  34.0"," ","  25.0"," "," 0.01","G","999.9","011000"
"72539014836","2019-12-16","42.7761","-84.5997","261.8","LANSING CAPITAL CITY AIRPORT, MI US","  26.2","24","  19.3","24","1022.1","24","989.2","24","  9.7","24","  0.8","24","  5.1","999.9","  32.0"," ","  21.9"," "," 0.03","G","999.9","000000"
"72539014836","2019-12-17","42.7761","-84.5997","261.8","LANSING CAPITAL CITY AIRPORT, MI US","  26.0","24","  18.1","24","1018.1","24","985.4","24","  9.1","24","  5.6","24"," 14.0","999.9","  32.0"," ","  19.9"," "," 0.00","G","999.9","000000"
"72539014836","2019-12-18","42.7761","-84.5997","261.8","LANSING CAPITAL CITY AIRPORT, MI US","  20.3","24","  10.1","24","1020.7","18","986.0","24","  7.6","24"," 11.8","24"," 18.1"," 26.0","  30.9"," ","  10.0"," "," 0.04","G","999.9","001000"
"72539014836","2019-12-19","42.7761","-84.5997","261.8","LANSING CAPITAL CITY AIRPORT, MI US","  16.9","24","   4.9","24","1027.8","24","994.2","24"," 10.0","24","  7.4","24"," 15.9"," 25.1","  30.9"," ","   7.0"," "," 0.03","G","  1.2","000000"
"72539014836","2019-12-20","42.7761","-84.5997","261.8","LANSING CAPITAL CITY AIRPORT, MI US","  28.8","24","  19.2","24","1032.2","23","998.9","24","  8.3","24","  5.6","24"," 15.9"," 21.0","  36.0"," ","   7.0"," "," 0.00","G","  1.2","000000"
"72539014836","2019-12-21","42.7761","-84.5997","261.8","LANSING CAPITAL CITY AIRPORT, MI US","  33.9","24","  23.7","24","1029.2","24","996.3","24","  7.3","24","  7.3","24"," 11.1","999.9","  46.9"," ","  26.1"," "," 0.00","G","999.9","000000"
"72539014836","2019-12-22","42.7761","-84.5997","261.8","LANSING CAPITAL CITY AIRPORT, MI US","  38.4","24","  27.1","24","1024.5","24","991.9","24","  9.9","24","  8.8","24"," 15.0"," 20.0","  52.0"," ","  26.1"," "," 0.00","G","999.9","000000"
"72539014836","2019-12-23","42.7761","-84.5997","261.8","LANSING CAPITAL CITY AIRPORT, MI US","  41.5","24","  30.5","24","1018.6","24","986.4","24","  9.5","24","  8.8","24"," 12.0","999.9","  52.0"," ","  30.0"," "," 0.00","G","999.9","000000"
"72539014836","2019-12-24","42.7761","-84.5997","261.8","LANSING CAPITAL CITY AIRPORT, MI US","  30.8","24","  28.5","24","1020.7","16","988.5","24","  3.4","24","  4.8","24","  9.9","999.9","  36.0","*","  25.0","*"," 0.00","G","999.9","100000"
"72539014836","2019-12-25","42.7761","-84.5997","261.8","LANSING CAPITAL CITY AIRPORT, MI US","  39.0","24","  33.7","24","1015.4","22","983.3","24","  5.2","24","  6.7","24"," 11.1","999.9","  57.0"," ","  25.0"," "," 0.00","G","999.9","000000"
"72539014836","2019-12-26","42.7761","-84.5997","261.8","LANSING CAPITAL CITY AIRPORT, MI US","  48.3","24","  43.1","24","1014.9","24","983.0","24","  9.5","24","  6.0","24"," 12.0","999.9","  59.0"," ","  30.0"," "," 0.00","G","999.9","000000"
"72539014836","2019-12-27","42.7761","-84.5997","261.8","LANSING CAPITAL CITY AIRPORT, MI US","  43.9","24","  38.7","24","1019.9","19","987.4","24","  8.5","24"," 10.5","24"," 15.0"," 22.9","  59.0"," ","  35.1"," "," 0.00","G","999.9","000000"
"72539014836","2019-12-28","42.7761","-84.5997","261.8","LANSING CAPITAL CITY AIRPORT, MI US","  33.4","24","  27.4","24","1025.1","24","992.5","24","  8.2","24","  5.7","24","  8.0","999.9","  37.9","*","  30.0","*"," 0.00","G","999.9","000000"
"72539014836","2019-12-29","42.7761","-84.5997","261.8","LANSING CAPITAL CITY AIRPORT, MI US","  42.7","24","  38.9","24","1014.0","15","979.9","24","  4.7","24"," 10.2","24"," 21.0"," 33.0","  51.1"," ","  30.0"," "," 0.26","G","999.9","110000"
"72539014836","2019-12-30","42.7761","-84.5997","261.8","LANSING CAPITAL CITY AIRPORT, MI US","  43.2","24","  38.7","24"," 997.3"," 9","965.8","24","  5.8","24"," 13.5","24"," 28.0"," 40.0","  52.0"," ","  30.9"," "," 2.00","G","999.9","111000"
"72539014836","2019-12-31","42.7761","-84.5997","261.8","LANSING CAPITAL CITY AIRPORT, MI US","  28.9","24","  23.4","24"," 999.7"," 7","968.3","24","  4.3","24"," 14.8","24"," 21.0"," 29.9","  30.9","*","  26.6","*"," 0.10","G","999.9","001000"
"72539014836","2020-01-01","42.7761","-84.5997","261.8","LANSING CAPITAL CITY AIRPORT, MI US","  28.0"," 6","  21.5"," 6","1007.1"," 6","974.7"," 6","  9.1"," 6"," 11.7"," 6"," 14.0"," 22.0","  30.9"," ","  27.0"," "," 0.18","G","  2.0","001000"
